{"data_file": "clean", "save_folder": "pre-test\\", "status_type": "linear", "distance_measure": "euclidean", "scenario": "normal", "dutch_w": 0.664, "turkish_w": 0.075, "moroccan_w": 0.13, "ghanaian_w": 0.021, "suriname_w": 0.11, "parameters": {"similarity_min": [0.6281926296398789], "ses_noise": [3], "psr_param": [0.48198224267947365], "recover_param": [0.09516147056776099], "prestige_beta": [0.025868640135889385], "prestige_param": [0.22065799876244444], "stressor_param": [0.9104924830127638], "interactions": [2], "coping_noise": [0.04218343544577382], "repeats": [10], "population_size": [502], "chronic_threshold": [0.0001], "stress_max": [10000], "time": [500], "job_nr": [257], "vul_param": [0]}}