{"data_file": "clean", "save_folder": "pre-test\\", "status_type": "linear", "distance_measure": "euclidean", "scenario": "normal", "dutch_w": 0.664, "turkish_w": 0.075, "moroccan_w": 0.13, "ghanaian_w": 0.021, "suriname_w": 0.11, "parameters": {"similarity_min": [0.5532440953535163], "ses_noise": [2], "psr_param": [0.813959663018556], "recover_param": [0.040929929824103234], "prestige_beta": [0.04874585397839586], "prestige_param": [0.10888199823809722], "stressor_param": [0.6190805455296805], "interactions": [2], "coping_noise": [0.06729448102818739], "repeats": [10], "population_size": [502], "chronic_threshold": [0.0001], "stress_max": [10000], "time": [500], "job_nr": [209], "vul_param": [0]}}