{"data_file": "clean", "save_folder": "pre-test\\", "status_type": "linear", "distance_measure": "euclidean", "scenario": "normal", "dutch_w": 0.664, "turkish_w": 0.075, "moroccan_w": 0.13, "ghanaian_w": 0.021, "suriname_w": 0.11, "parameters": {"similarity_min": [0.7780876343919765], "ses_noise": [2], "psr_param": [0.7178634442323081], "recover_param": [0.05055800484000016], "prestige_beta": [0.03329719312152285], "prestige_param": [0.25564226608281493], "stressor_param": [0.5683864736999583], "interactions": [2], "coping_noise": [0.05875108444448907], "repeats": [10], "population_size": [502], "chronic_threshold": [0.0001], "stress_max": [10000], "time": [500], "job_nr": [423], "vul_param": [0]}}