{"data_file": "clean", "save_folder": "pre-test\\", "status_type": "linear", "distance_measure": "euclidean", "scenario": "normal", "dutch_w": 0.664, "turkish_w": 0.075, "moroccan_w": 0.13, "ghanaian_w": 0.021, "suriname_w": 0.11, "parameters": {"similarity_min": [0.4088750830978074], "ses_noise": [0.6724142328113943], "vul_param": [0.942816627275743], "psr_param": [0.3010859637565585], "recover_param": [0.1782578778606491], "prestige_beta": [0.0020074932294605937], "prestige_param": [0.16725658054438608], "stressor_param": [0.3821810371563569], "interactions": [1], "coping_noise": [0.032370613539636627], "repeats": [200], "population_size": [502], "chronic_threshold": [0.0001], "stress_max": [100], "time": [500], "job_nr": [53]}}