{"data_file": "clean", "save_folder": "pre-test\\", "status_type": "linear", "distance_measure": "euclidean", "scenario": "normal", "dutch_w": 0.664, "turkish_w": 0.075, "moroccan_w": 0.13, "ghanaian_w": 0.021, "suriname_w": 0.11, "parameters": {"similarity_min": [0.4113550060950798], "ses_noise": [2], "psr_param": [0.9499753424523368], "recover_param": [0.09977090488104237], "prestige_beta": [0.007313210910524856], "prestige_param": [0.5874110540383827], "stressor_param": [0.9725275215762628], "interactions": [1], "coping_noise": [0.07732223627312142], "repeats": [10], "population_size": [502], "chronic_threshold": [0.0001], "stress_max": [10000], "time": [500], "job_nr": [293], "vul_param": [0]}}