{"data_file": "clean", "save_folder": "pre-test\\", "status_type": "linear", "distance_measure": "euclidean", "scenario": "normal", "dutch_w": 0.664, "turkish_w": 0.075, "moroccan_w": 0.13, "ghanaian_w": 0.021, "suriname_w": 0.11, "parameters": {"similarity_min": [0.24312320896546083], "ses_noise": [0], "psr_param": [0.30068097672845595], "recover_param": [0.013568028942173595], "prestige_beta": [0.03631969217004729], "prestige_param": [0.9603040867509677], "stressor_param": [0.7465563837122338], "interactions": [2], "coping_noise": [0.05875274694865094], "repeats": [10], "population_size": [502], "chronic_threshold": [0.0001], "stress_max": [10000], "time": [500], "job_nr": [36], "vul_param": [0]}}