{"data_file": "clean", "save_folder": "pre-test\\", "status_type": "linear", "distance_measure": "euclidean", "scenario": "normal", "dutch_w": 0.664, "turkish_w": 0.075, "moroccan_w": 0.13, "ghanaian_w": 0.021, "suriname_w": 0.11, "parameters": {"similarity_min": [0.14133286155396846], "ses_noise": [2.860381646109919], "vul_param": [0.42261938701319135], "psr_param": [0.579562624008201], "recover_param": [0.15011265978221], "prestige_beta": [0.002231823070919987], "prestige_param": [0.33794051952610193], "stressor_param": [0.30989755737370406], "interactions": [1], "coping_noise": [0.07047314548823025], "repeats": [200], "population_size": [502], "chronic_threshold": [0.0001], "stress_max": [100], "time": [500], "job_nr": [74]}}