{"data_file": "clean", "save_folder": "pre-test\\", "status_type": "linear", "distance_measure": "euclidean", "scenario": "normal", "dutch_w": 0.664, "turkish_w": 0.075, "moroccan_w": 0.13, "ghanaian_w": 0.021, "suriname_w": 0.11, "parameters": {"similarity_min": [0.23924546602059388], "ses_noise": [0.18501398200333208], "vul_param": [0.5372822887978884], "psr_param": [0.44869968300260876], "recover_param": [0.1877203678130539], "prestige_beta": [0.0005447526865189607], "prestige_param": [0.3895533528107236], "stressor_param": [0.5211268449254746], "interactions": [2], "coping_noise": [0.012926641371973486], "repeats": [200], "population_size": [502], "chronic_threshold": [0.0001], "stress_max": [100], "time": [500], "job_nr": [45]}}