{"data_file": "clean", "save_folder": "pre-test\\", "status_type": "linear", "distance_measure": "euclidean", "scenario": "normal", "dutch_w": 0.664, "turkish_w": 0.075, "moroccan_w": 0.13, "ghanaian_w": 0.021, "suriname_w": 0.11, "parameters": {"similarity_min": [0.8794069600842728], "ses_noise": [1], "psr_param": [0.8103550023818933], "recover_param": [0.09536126199132829], "prestige_beta": [0.01953691856366198], "prestige_param": [0.7629946075986647], "stressor_param": [0.124817012881975], "interactions": [2], "coping_noise": [0.011741010041377724], "repeats": [10], "population_size": [502], "chronic_threshold": [0.0001], "stress_max": [10000], "time": [500], "job_nr": [347], "vul_param": [0]}}