{"data_file": "clean", "save_folder": "pre-test\\", "status_type": "linear", "distance_measure": "euclidean", "scenario": "normal", "dutch_w": 0.664, "turkish_w": 0.075, "moroccan_w": 0.13, "ghanaian_w": 0.021, "suriname_w": 0.11, "parameters": {"similarity_min": [0.5856693393135703], "ses_noise": [3], "psr_param": [0.9581811682184143], "recover_param": [0.03822998836058704], "prestige_beta": [0.026309717590400118], "prestige_param": [0.6626371346378648], "stressor_param": [0.41145918956264893], "interactions": [1], "coping_noise": [0.09902890209029644], "repeats": [10], "population_size": [502], "chronic_threshold": [0.0001], "stress_max": [10000], "time": [500], "job_nr": [131], "vul_param": [0]}}