{"data_file": "clean", "save_folder": "pre-test\\", "status_type": "linear", "distance_measure": "euclidean", "scenario": "normal", "dutch_w": 0.664, "turkish_w": 0.075, "moroccan_w": 0.13, "ghanaian_w": 0.021, "suriname_w": 0.11, "parameters": {"similarity_min": [0.6710324703264944], "ses_noise": [2], "psr_param": [0.5510789059935276], "recover_param": [0.006327636067896951], "prestige_beta": [0.005372821979700699], "prestige_param": [0.14754322354458607], "stressor_param": [0.640727547229488], "interactions": [1], "coping_noise": [0.021463438408943207], "repeats": [10], "population_size": [502], "chronic_threshold": [0.0001], "stress_max": [10000], "time": [500], "job_nr": [366], "vul_param": [0]}}