{"data_file": "clean", "save_folder": "pre-test\\", "status_type": "linear", "distance_measure": "euclidean", "scenario": "normal", "dutch_w": 0.664, "turkish_w": 0.075, "moroccan_w": 0.13, "ghanaian_w": 0.021, "suriname_w": 0.11, "parameters": {"similarity_min": [0.4441556509226331], "ses_noise": [1], "psr_param": [0.5730648667922983], "recover_param": [0.019077167175441587], "prestige_beta": [0.0376185226910187], "prestige_param": [0.6046928759137826], "stressor_param": [0.35868393949803756], "interactions": [1], "coping_noise": [0.09481993776367657], "repeats": [10], "population_size": [502], "chronic_threshold": [0.0001], "stress_max": [10000], "time": [500], "job_nr": [103], "vul_param": [0]}}