{"data_file": "clean", "save_folder": "pre-test\\", "status_type": "linear", "distance_measure": "euclidean", "scenario": "normal", "dutch_w": 0.664, "turkish_w": 0.075, "moroccan_w": 0.13, "ghanaian_w": 0.021, "suriname_w": 0.11, "parameters": {"similarity_min": [0.48769235656814636], "ses_noise": [0], "psr_param": [0.38738641844419774], "recover_param": [0.0224190873504951], "prestige_beta": [0.03159763702159457], "prestige_param": [0.9953565296048867], "stressor_param": [0.5784730686686811], "interactions": [2], "coping_noise": [0.08105080241592004], "repeats": [10], "population_size": [502], "chronic_threshold": [0.0001], "stress_max": [10000], "time": [500], "job_nr": [255], "vul_param": [0]}}