{"data_file": "clean", "save_folder": "pre-test\\", "status_type": "linear", "distance_measure": "euclidean", "scenario": "normal", "dutch_w": 0.664, "turkish_w": 0.075, "moroccan_w": 0.13, "ghanaian_w": 0.021, "suriname_w": 0.11, "parameters": {"similarity_min": [0.43510166587994037], "ses_noise": [3], "psr_param": [0.41590517565746754], "recover_param": [0.07106499578529492], "prestige_beta": [0.02949455250651701], "prestige_param": [0.3342778388407653], "stressor_param": [0.5583175873639309], "interactions": [1], "coping_noise": [0.0218861553330694], "repeats": [10], "population_size": [502], "chronic_threshold": [0.0001], "stress_max": [10000], "time": [500], "job_nr": [332], "vul_param": [0]}}