{"data_file": "clean", "save_folder": "pre-test\\", "status_type": "linear", "distance_measure": "euclidean", "scenario": "normal", "dutch_w": 0.664, "turkish_w": 0.075, "moroccan_w": 0.13, "ghanaian_w": 0.021, "suriname_w": 0.11, "parameters": {"similarity_min": [0.9720974339360251], "ses_noise": [2], "psr_param": [0.25250132070475295], "recover_param": [0.042879956999748475], "prestige_beta": [0.02682843550655218], "prestige_param": [0.4087495883161658], "stressor_param": [0.3392467390771371], "interactions": [2], "coping_noise": [0.05099379095917164], "repeats": [10], "population_size": [502], "chronic_threshold": [0.0001], "stress_max": [10000], "time": [500], "job_nr": [398], "vul_param": [0]}}