{"data_file": "clean", "save_folder": "pre-test\\", "status_type": "linear", "distance_measure": "euclidean", "scenario": "normal", "dutch_w": 0.664, "turkish_w": 0.075, "moroccan_w": 0.13, "ghanaian_w": 0.021, "suriname_w": 0.11, "parameters": {"similarity_min": [0.49592046587871996], "ses_noise": [0], "psr_param": [0.7939991655147518], "recover_param": [0.07771806941139334], "prestige_beta": [0.03232518899285228], "prestige_param": [0.8167901719980472], "stressor_param": [0.822561980811845], "interactions": [1], "coping_noise": [0.09801201117349706], "repeats": [10], "population_size": [502], "chronic_threshold": [0.0001], "stress_max": [10000], "time": [500], "job_nr": [344], "vul_param": [0]}}