{"data_file": "clean", "save_folder": "pre-test\\", "status_type": "linear", "distance_measure": "euclidean", "scenario": "normal", "dutch_w": 0.664, "turkish_w": 0.075, "moroccan_w": 0.13, "ghanaian_w": 0.021, "suriname_w": 0.11, "parameters": {"similarity_min": [0.2626711580288994], "ses_noise": [0], "psr_param": [0.24266442470435687], "recover_param": [0.08823516195058452], "prestige_beta": [0.038258894989016676], "prestige_param": [0.7341982831830148], "stressor_param": [0.7058671332800948], "interactions": [2], "coping_noise": [0.030484708178876115], "repeats": [10], "population_size": [502], "chronic_threshold": [0.0001], "stress_max": [10000], "time": [500], "job_nr": [56], "vul_param": [0]}}