{"data_file": "clean", "save_folder": "pre-test\\", "status_type": "linear", "distance_measure": "euclidean", "scenario": "normal", "dutch_w": 0.664, "turkish_w": 0.075, "moroccan_w": 0.13, "ghanaian_w": 0.021, "suriname_w": 0.11, "parameters": {"similarity_min": [0.2422409627973635], "ses_noise": [1.8310718320715993], "vul_param": [0.8886441237070082], "psr_param": [0.4856928606627916], "recover_param": [0.11853835211278052], "prestige_beta": [0.004650306033235425], "prestige_param": [0.6190625484512666], "stressor_param": [0.4472456202287367], "interactions": [1], "coping_noise": [0.04923598393784561], "repeats": [200], "population_size": [502], "chronic_threshold": [0.0001], "stress_max": [100], "time": [500], "job_nr": [20]}}