{"data_file": "clean", "save_folder": "pre-test\\", "status_type": "linear", "distance_measure": "euclidean", "scenario": "normal", "dutch_w": 0.664, "turkish_w": 0.075, "moroccan_w": 0.13, "ghanaian_w": 0.021, "suriname_w": 0.11, "parameters": {"similarity_min": [0.11827563584370282], "ses_noise": [1], "psr_param": [0.351667364484895], "recover_param": [0.05904732765336331], "prestige_beta": [0.022956445160420138], "prestige_param": [0.42906350723273656], "stressor_param": [0.32369829299766617], "interactions": [2], "coping_noise": [0.04383196189316827], "repeats": [10], "population_size": [502], "chronic_threshold": [0.0001], "stress_max": [10000], "time": [500], "job_nr": [201], "vul_param": [0]}}