{"data_file": "clean", "save_folder": "pre-test\\", "status_type": "linear", "distance_measure": "euclidean", "scenario": "normal", "dutch_w": 0.664, "turkish_w": 0.075, "moroccan_w": 0.13, "ghanaian_w": 0.021, "suriname_w": 0.11, "parameters": {"similarity_min": [0.26160345330365675], "ses_noise": [2], "psr_param": [0.9451047072844867], "recover_param": [0.042425871357243836], "prestige_beta": [0.049152408889899864], "prestige_param": [0.8191042685395109], "stressor_param": [0.7585266014584113], "interactions": [2], "coping_noise": [0.04910585467471601], "repeats": [10], "population_size": [502], "chronic_threshold": [0.0001], "stress_max": [10000], "time": [500], "job_nr": [308], "vul_param": [0]}}