{"data_file": "clean", "save_folder": "pre-test\\", "status_type": "linear", "distance_measure": "euclidean", "scenario": "normal", "dutch_w": 0.664, "turkish_w": 0.075, "moroccan_w": 0.13, "ghanaian_w": 0.021, "suriname_w": 0.11, "parameters": {"similarity_min": [0.4871810237627582], "ses_noise": [3], "psr_param": [0.9905620856023384], "recover_param": [0.021113173835683077], "prestige_beta": [0.043317006032725806], "prestige_param": [0.784016915651464], "stressor_param": [0.5772984494896519], "interactions": [1], "coping_noise": [0.031183745724552833], "repeats": [10], "population_size": [502], "chronic_threshold": [0.0001], "stress_max": [10000], "time": [500], "job_nr": [173], "vul_param": [0]}}