{"data_file": "clean", "save_folder": "pre-test\\", "status_type": "linear", "distance_measure": "euclidean", "scenario": "normal", "dutch_w": 0.664, "turkish_w": 0.075, "moroccan_w": 0.13, "ghanaian_w": 0.021, "suriname_w": 0.11, "parameters": {"similarity_min": [0.30089431780126824], "ses_noise": [0.7371519750270054], "vul_param": [0.692804491114056], "psr_param": [0.4096126931388695], "recover_param": [0.10976451055854958], "prestige_beta": [0.0030458713706130033], "prestige_param": [0.9560035429789908], "stressor_param": [0.42629627468081344], "interactions": [1], "coping_noise": [0.09168140831110302], "repeats": [200], "population_size": [502], "chronic_threshold": [0.0001], "stress_max": [100], "time": [500], "job_nr": [34]}}