{"data_file": "clean", "save_folder": "pre-test\\", "status_type": "linear", "distance_measure": "euclidean", "scenario": "normal", "dutch_w": 0.664, "turkish_w": 0.075, "moroccan_w": 0.13, "ghanaian_w": 0.021, "suriname_w": 0.11, "parameters": {"similarity_min": [0.54223032398596], "ses_noise": [0], "psr_param": [0.8819317814863328], "recover_param": [0.010472934909411539], "prestige_beta": [0.03684768080603281], "prestige_param": [0.7050917754112117], "stressor_param": [0.47072181813911196], "interactions": [2], "coping_noise": [0.02600926553481426], "repeats": [10], "population_size": [502], "chronic_threshold": [0.0001], "stress_max": [10000], "time": [500], "job_nr": [429], "vul_param": [0]}}