{"data_file": "clean", "save_folder": "pre-test\\", "status_type": "linear", "distance_measure": "euclidean", "scenario": "normal", "dutch_w": 0.664, "turkish_w": 0.075, "moroccan_w": 0.13, "ghanaian_w": 0.021, "suriname_w": 0.11, "parameters": {"similarity_min": [0.80885169858924], "ses_noise": [3], "psr_param": [0.1473264941659034], "recover_param": [0.024647038600357787], "prestige_beta": [0.014563012989650514], "prestige_param": [0.5632593181183738], "stressor_param": [0.2727765699329604], "interactions": [2], "coping_noise": [0.05495607814074055], "repeats": [10], "population_size": [502], "chronic_threshold": [0.0001], "stress_max": [10000], "time": [500], "job_nr": [349], "vul_param": [0]}}