{"data_file": "clean", "save_folder": "pre-test\\", "status_type": "linear", "distance_measure": "euclidean", "scenario": "normal", "dutch_w": 0.664, "turkish_w": 0.075, "moroccan_w": 0.13, "ghanaian_w": 0.021, "suriname_w": 0.11, "parameters": {"similarity_min": [0.7457191780981853], "ses_noise": [1], "psr_param": [0.5047538224234157], "recover_param": [0.05688388377282105], "prestige_beta": [0.04149613038761809], "prestige_param": [0.3947771160296172], "stressor_param": [0.9338221990872205], "interactions": [2], "coping_noise": [0.036421319430922784], "repeats": [10], "population_size": [502], "chronic_threshold": [0.0001], "stress_max": [10000], "time": [500], "job_nr": [472], "vul_param": [0]}}