{"data_file": "clean", "save_folder": "pre-test\\", "status_type": "linear", "distance_measure": "euclidean", "scenario": "normal", "dutch_w": 0.664, "turkish_w": 0.075, "moroccan_w": 0.13, "ghanaian_w": 0.021, "suriname_w": 0.11, "parameters": {"similarity_min": [0.4260542928167331], "ses_noise": [3], "psr_param": [0.8563939022539888], "recover_param": [0.03349180671366303], "prestige_beta": [0.005753626092319611], "prestige_param": [0.5866832438119884], "stressor_param": [0.576081380503911], "interactions": [2], "coping_noise": [0.01825682259648198], "repeats": [10], "population_size": [502], "chronic_threshold": [0.0001], "stress_max": [10000], "time": [500], "job_nr": [291], "vul_param": [0]}}