{"data_file": "clean", "save_folder": "pre-test\\", "status_type": "linear", "distance_measure": "euclidean", "scenario": "normal", "dutch_w": 0.664, "turkish_w": 0.075, "moroccan_w": 0.13, "ghanaian_w": 0.021, "suriname_w": 0.11, "parameters": {"similarity_min": [0.21412932825831577], "ses_noise": [0.741043064024076], "vul_param": [0.3587864191499073], "psr_param": [0.9046212547614001], "recover_param": [0.18517057509072873], "prestige_beta": [0.0010805584190600745], "prestige_param": [0.7670612943338175], "stressor_param": [0.782215976976997], "interactions": [2], "coping_noise": [0.08389140909717129], "repeats": [200], "population_size": [502], "chronic_threshold": [0.0001], "stress_max": [100], "time": [500], "job_nr": [80]}}