{"data_file": "clean", "save_folder": "pre-test\\", "status_type": "linear", "distance_measure": "euclidean", "scenario": "normal", "dutch_w": 0.664, "turkish_w": 0.075, "moroccan_w": 0.13, "ghanaian_w": 0.021, "suriname_w": 0.11, "parameters": {"similarity_min": [0.2938626993761054], "ses_noise": [2], "psr_param": [0.1281722894379748], "recover_param": [0.09928772300602705], "prestige_beta": [0.04627970172508872], "prestige_param": [0.9240249145467389], "stressor_param": [0.3927945048162236], "interactions": [2], "coping_noise": [0.07028979919372756], "repeats": [10], "population_size": [502], "chronic_threshold": [0.0001], "stress_max": [10000], "time": [500], "job_nr": [179], "vul_param": [0]}}