{"data_file": "clean", "save_folder": "pre-test\\", "status_type": "linear", "distance_measure": "euclidean", "scenario": "normal", "dutch_w": 0.664, "turkish_w": 0.075, "moroccan_w": 0.13, "ghanaian_w": 0.021, "suriname_w": 0.11, "parameters": {"similarity_min": [0.2667435523710101], "ses_noise": [1], "psr_param": [0.24816772405835252], "recover_param": [0.06969394325398813], "prestige_beta": [0.040199163217975994], "prestige_param": [0.7804057016930539], "stressor_param": [0.7099494921188468], "interactions": [2], "coping_noise": [0.07387454158865696], "repeats": [10], "population_size": [502], "chronic_threshold": [0.0001], "stress_max": [10000], "time": [500], "job_nr": [119], "vul_param": [0]}}