{"data_file": "clean", "save_folder": "pre-test\\", "status_type": "linear", "distance_measure": "euclidean", "scenario": "normal", "dutch_w": 0.664, "turkish_w": 0.075, "moroccan_w": 0.13, "ghanaian_w": 0.021, "suriname_w": 0.11, "parameters": {"similarity_min": [0.15693148492757727], "ses_noise": [0], "psr_param": [0.9160096159624044], "recover_param": [0.04729457789636487], "prestige_beta": [0.010349111786812928], "prestige_param": [0.34207192177127166], "stressor_param": [0.49785108568645986], "interactions": [2], "coping_noise": [0.060425716657456996], "repeats": [10], "population_size": [502], "chronic_threshold": [0.0001], "stress_max": [10000], "time": [500], "job_nr": [5], "vul_param": [0]}}