{"data_file": "clean", "save_folder": "pre-test\\", "status_type": "linear", "distance_measure": "euclidean", "scenario": "normal", "dutch_w": 0.664, "turkish_w": 0.075, "moroccan_w": 0.13, "ghanaian_w": 0.021, "suriname_w": 0.11, "parameters": {"similarity_min": [0.4712900216609401], "ses_noise": [0.2744490009011844], "vul_param": [0.15446854987030473], "psr_param": [0.8127998351483573], "recover_param": [0.11597796648765756], "prestige_beta": [0.004546266465169856], "prestige_param": [0.23672775212945574], "stressor_param": [0.3819747473312797], "interactions": [1], "coping_noise": [0.08224835049039884], "repeats": [200], "population_size": [502], "chronic_threshold": [0.0001], "stress_max": [100], "time": [500], "job_nr": [47]}}