{"data_file": "clean", "save_folder": "pre-test\\", "status_type": "linear", "distance_measure": "euclidean", "scenario": "normal", "dutch_w": 0.664, "turkish_w": 0.075, "moroccan_w": 0.13, "ghanaian_w": 0.021, "suriname_w": 0.11, "parameters": {"similarity_min": [0.24662513960074672], "ses_noise": [3], "psr_param": [0.3158471520180729], "recover_param": [0.059314596227637024], "prestige_beta": [0.013318084317483707], "prestige_param": [0.5917189042683397], "stressor_param": [0.9044873062900269], "interactions": [1], "coping_noise": [0.027317057641979392], "repeats": [10], "population_size": [502], "chronic_threshold": [0.0001], "stress_max": [10000], "time": [500], "job_nr": [256], "vul_param": [0]}}