{"data_file": "clean", "save_folder": "pre-test\\", "status_type": "linear", "distance_measure": "euclidean", "scenario": "normal", "dutch_w": 0.664, "turkish_w": 0.075, "moroccan_w": 0.13, "ghanaian_w": 0.021, "suriname_w": 0.11, "parameters": {"similarity_min": [0.22204900411002143], "ses_noise": [2], "psr_param": [0.18226412627761174], "recover_param": [0.0726081575605911], "prestige_beta": [0.013820025788684052], "prestige_param": [0.6898957217245884], "stressor_param": [0.7700549051727228], "interactions": [1], "coping_noise": [0.08145865591579764], "repeats": [10], "population_size": [502], "chronic_threshold": [0.0001], "stress_max": [10000], "time": [500], "job_nr": [66], "vul_param": [0]}}