{"data_file": "clean", "save_folder": "pre-test\\", "status_type": "linear", "distance_measure": "euclidean", "scenario": "normal", "dutch_w": 0.664, "turkish_w": 0.075, "moroccan_w": 0.13, "ghanaian_w": 0.021, "suriname_w": 0.11, "parameters": {"similarity_min": [0.2069366679259091], "ses_noise": [0], "psr_param": [0.7858897915103041], "recover_param": [0.09541477975155052], "prestige_beta": [0.019051745667511295], "prestige_param": [0.867813999926308], "stressor_param": [0.7987689842397491], "interactions": [2], "coping_noise": [0.06162935285210464], "repeats": [10], "population_size": [502], "chronic_threshold": [0.0001], "stress_max": [10000], "time": [500], "job_nr": [141], "vul_param": [0]}}