{"data_file": "clean", "save_folder": "pre-test\\", "status_type": "linear", "distance_measure": "euclidean", "scenario": "normal", "dutch_w": 0.664, "turkish_w": 0.075, "moroccan_w": 0.13, "ghanaian_w": 0.021, "suriname_w": 0.11, "parameters": {"similarity_min": [0.7259448464276893], "ses_noise": [2], "psr_param": [0.11149646071127911], "recover_param": [0.047346663560976415], "prestige_beta": [0.04757860700768876], "prestige_param": [0.20052299468384077], "stressor_param": [0.9132490943491698], "interactions": [2], "coping_noise": [0.025265143160104676], "repeats": [10], "population_size": [502], "chronic_threshold": [0.0001], "stress_max": [10000], "time": [500], "job_nr": [243], "vul_param": [0]}}