{"data_file": "clean", "save_folder": "pre-test\\", "status_type": "linear", "distance_measure": "euclidean", "scenario": "normal", "dutch_w": 0.664, "turkish_w": 0.075, "moroccan_w": 0.13, "ghanaian_w": 0.021, "suriname_w": 0.11, "parameters": {"similarity_min": [0.9274410174578661], "ses_noise": [2], "psr_param": [0.12207418452391558], "recover_param": [0.015033838569881393], "prestige_beta": [0.021611435446945864], "prestige_param": [0.16008891353687493], "stressor_param": [0.8183745366269289], "interactions": [2], "coping_noise": [0.09130877826323491], "repeats": [10], "population_size": [502], "chronic_threshold": [0.0001], "stress_max": [10000], "time": [500], "job_nr": [184], "vul_param": [0]}}