{"data_file": "clean", "save_folder": "pre-test\\", "status_type": "linear", "distance_measure": "euclidean", "scenario": "normal", "dutch_w": 0.664, "turkish_w": 0.075, "moroccan_w": 0.13, "ghanaian_w": 0.021, "suriname_w": 0.11, "parameters": {"similarity_min": [0.1439191338844498], "ses_noise": [3], "psr_param": [0.10015694268051267], "recover_param": [0.04925416700451309], "prestige_beta": [0.042395222862269544], "prestige_param": [0.7420043743626452], "stressor_param": [0.41468084928264504], "interactions": [1], "coping_noise": [0.09850362793304321], "repeats": [10], "population_size": [502], "chronic_threshold": [0.0001], "stress_max": [10000], "time": [500], "job_nr": [225], "vul_param": [0]}}