{"data_file": "clean", "save_folder": "pre-test\\", "status_type": "linear", "distance_measure": "euclidean", "scenario": "normal", "dutch_w": 0.664, "turkish_w": 0.075, "moroccan_w": 0.13, "ghanaian_w": 0.021, "suriname_w": 0.11, "parameters": {"similarity_min": [0.5971667575461234], "ses_noise": [1], "psr_param": [0.14869497608327129], "recover_param": [0.08304109360799153], "prestige_beta": [0.03268151805266949], "prestige_param": [0.9909519657117397], "stressor_param": [0.3057866088602052], "interactions": [1], "coping_noise": [0.09965494294364598], "repeats": [10], "population_size": [502], "chronic_threshold": [0.0001], "stress_max": [10000], "time": [500], "job_nr": [352], "vul_param": [0]}}