{"data_file": "clean", "save_folder": "pre-test\\", "status_type": "linear", "distance_measure": "euclidean", "scenario": "normal", "dutch_w": 0.664, "turkish_w": 0.075, "moroccan_w": 0.13, "ghanaian_w": 0.021, "suriname_w": 0.11, "parameters": {"similarity_min": [0.1341584510835338], "ses_noise": [1], "psr_param": [0.7010303139681583], "recover_param": [0.041020271813207054], "prestige_beta": [0.02961610069572424], "prestige_param": [0.21644044086129582], "stressor_param": [0.8048774132415467], "interactions": [2], "coping_noise": [0.0878643469576016], "repeats": [10], "population_size": [502], "chronic_threshold": [0.0001], "stress_max": [10000], "time": [500], "job_nr": [114], "vul_param": [0]}}