{"data_file": "clean", "save_folder": "pre-test\\", "status_type": "linear", "distance_measure": "euclidean", "scenario": "normal", "dutch_w": 0.664, "turkish_w": 0.075, "moroccan_w": 0.13, "ghanaian_w": 0.021, "suriname_w": 0.11, "parameters": {"similarity_min": [0.18734269556051453], "ses_noise": [0.9776366120924247], "vul_param": [0.3651005409343443], "psr_param": [0.5610010397841187], "recover_param": [0.19300056129026244], "prestige_beta": [0.003048534905052419], "prestige_param": [0.43286672096469375], "stressor_param": [0.38486088672723806], "interactions": [1], "coping_noise": [0.04214694412327352], "repeats": [200], "population_size": [502], "chronic_threshold": [0.0001], "stress_max": [100], "time": [500], "job_nr": [73]}}