{"data_file": "clean", "save_folder": "pre-test\\", "status_type": "linear", "distance_measure": "euclidean", "scenario": "normal", "dutch_w": 0.664, "turkish_w": 0.075, "moroccan_w": 0.13, "ghanaian_w": 0.021, "suriname_w": 0.11, "parameters": {"similarity_min": [0.623538974082236], "ses_noise": [2], "psr_param": [0.2967101418223183], "recover_param": [0.017020064007332813], "prestige_beta": [0.009060431418060556], "prestige_param": [0.334089459994486], "stressor_param": [0.6474625259927911], "interactions": [2], "coping_noise": [0.07340078575004669], "repeats": [10], "population_size": [502], "chronic_threshold": [0.0001], "stress_max": [10000], "time": [500], "job_nr": [280], "vul_param": [0]}}