{"data_file": "clean", "save_folder": "pre-test\\", "status_type": "linear", "distance_measure": "euclidean", "scenario": "normal", "dutch_w": 0.664, "turkish_w": 0.075, "moroccan_w": 0.13, "ghanaian_w": 0.021, "suriname_w": 0.11, "parameters": {"similarity_min": [0.2868725758512276], "ses_noise": [1], "psr_param": [0.29866707789394786], "recover_param": [0.06651105384445904], "prestige_beta": [0.043636233278223927], "prestige_param": [0.9053877011658743], "stressor_param": [0.8465180729313191], "interactions": [1], "coping_noise": [0.043960217587871185], "repeats": [10], "population_size": [502], "chronic_threshold": [0.0001], "stress_max": [10000], "time": [500], "job_nr": [120], "vul_param": [0]}}