{"data_file": "clean", "save_folder": "pre-test\\", "status_type": "linear", "distance_measure": "euclidean", "scenario": "normal", "dutch_w": 0.664, "turkish_w": 0.075, "moroccan_w": 0.13, "ghanaian_w": 0.021, "suriname_w": 0.11, "parameters": {"similarity_min": [0.0683411065396487], "ses_noise": [0.7397563010568388], "vul_param": [0.9996476569553703], "psr_param": [0.11616382554024764], "recover_param": [0.168466260422567], "prestige_beta": [0.004609273673768654], "prestige_param": [0.5167633480035143], "stressor_param": [0.25158571886266323], "interactions": [2], "coping_noise": [0.05974614973316574], "repeats": [20], "population_size": [502], "chronic_threshold": [0.0001], "stress_max": [100], "time": [500], "job_nr": [100]}}