{"data_file": "clean", "save_folder": "pre-test\\", "status_type": "linear", "distance_measure": "euclidean", "scenario": "normal", "dutch_w": 0.664, "turkish_w": 0.075, "moroccan_w": 0.13, "ghanaian_w": 0.021, "suriname_w": 0.11, "parameters": {"similarity_min": [0.354119510387106], "ses_noise": [1], "psr_param": [0.8851977722364771], "recover_param": [0.025091189122265004], "prestige_beta": [0.03819072920806707], "prestige_param": [0.10975729430337555], "stressor_param": [0.4221125167914661], "interactions": [2], "coping_noise": [0.04137251735531581], "repeats": [10], "population_size": [502], "chronic_threshold": [0.0001], "stress_max": [10000], "time": [500], "job_nr": [80], "vul_param": [0]}}