{"data_file": "clean", "save_folder": "pre-test\\", "status_type": "linear", "distance_measure": "euclidean", "scenario": "normal", "dutch_w": 0.664, "turkish_w": 0.075, "moroccan_w": 0.13, "ghanaian_w": 0.021, "suriname_w": 0.11, "parameters": {"similarity_min": [0.3806423641520029], "ses_noise": [1], "psr_param": [0.2517036583563721], "recover_param": [0.06858481119488684], "prestige_beta": [0.018653882559474862], "prestige_param": [0.6652382800080215], "stressor_param": [0.20802708631822203], "interactions": [1], "coping_noise": [0.05282918296385608], "repeats": [10], "population_size": [502], "chronic_threshold": [0.0001], "stress_max": [10000], "time": [500], "job_nr": [474], "vul_param": [0]}}