{"data_file": "clean", "save_folder": "pre-test\\", "status_type": "linear", "distance_measure": "euclidean", "scenario": "normal", "dutch_w": 0.664, "turkish_w": 0.075, "moroccan_w": 0.13, "ghanaian_w": 0.021, "suriname_w": 0.11, "parameters": {"similarity_min": [0.4497320752798578], "ses_noise": [1], "psr_param": [0.37443377866704985], "recover_param": [0.0707015100543171], "prestige_beta": [0.03212761992265104], "prestige_param": [0.5064654769438637], "stressor_param": [0.9489169790744166], "interactions": [1], "coping_noise": [0.02054343967785531], "repeats": [10], "population_size": [502], "chronic_threshold": [0.0001], "stress_max": [10000], "time": [500], "job_nr": [252], "vul_param": [0]}}