{"data_file": "clean", "save_folder": "pre-test\\", "status_type": "linear", "distance_measure": "euclidean", "scenario": "normal", "dutch_w": 0.664, "turkish_w": 0.075, "moroccan_w": 0.13, "ghanaian_w": 0.021, "suriname_w": 0.11, "parameters": {"similarity_min": [0.5401990244091875], "ses_noise": [1], "psr_param": [0.2703714388731807], "recover_param": [0.039638253091885324], "prestige_beta": [0.030728038124485473], "prestige_param": [0.729467665051305], "stressor_param": [0.26167579468831986], "interactions": [2], "coping_noise": [0.04352456043953871], "repeats": [10], "population_size": [502], "chronic_threshold": [0.0001], "stress_max": [10000], "time": [500], "job_nr": [418], "vul_param": [0]}}