{"data_file": "clean", "save_folder": "pre-test\\", "status_type": "linear", "distance_measure": "euclidean", "scenario": "normal", "dutch_w": 0.664, "turkish_w": 0.075, "moroccan_w": 0.13, "ghanaian_w": 0.021, "suriname_w": 0.11, "parameters": {"similarity_min": [0.24797829910027697], "ses_noise": [0], "psr_param": [0.4551191411079679], "recover_param": [0.036458946248941575], "prestige_beta": [0.043282267142717455], "prestige_param": [0.15322213515987027], "stressor_param": [0.9804128591338189], "interactions": [2], "coping_noise": [0.013510974230299917], "repeats": [10], "population_size": [502], "chronic_threshold": [0.0001], "stress_max": [10000], "time": [500], "job_nr": [111], "vul_param": [0]}}