{"data_file": "clean", "save_folder": "pre-test\\", "status_type": "linear", "distance_measure": "euclidean", "scenario": "normal", "dutch_w": 0.664, "turkish_w": 0.075, "moroccan_w": 0.13, "ghanaian_w": 0.021, "suriname_w": 0.11, "parameters": {"similarity_min": [0.25984078062182425], "ses_noise": [1], "psr_param": [0.19436861688858126], "recover_param": [0.0765999158731077], "prestige_beta": [0.03183710143367064], "prestige_param": [0.20405222047254223], "stressor_param": [0.3491287534949995], "interactions": [1], "coping_noise": [0.09417227820302514], "repeats": [10], "population_size": [502], "chronic_threshold": [0.0001], "stress_max": [10000], "time": [500], "job_nr": [353], "vul_param": [0]}}