{"data_file": "clean", "save_folder": "pre-test\\", "status_type": "linear", "distance_measure": "euclidean", "scenario": "normal", "dutch_w": 0.664, "turkish_w": 0.075, "moroccan_w": 0.13, "ghanaian_w": 0.021, "suriname_w": 0.11, "parameters": {"similarity_min": [0.22878692399460282], "ses_noise": [3], "psr_param": [0.29031019802913394], "recover_param": [0.050037767920394556], "prestige_beta": [0.02724648063501498], "prestige_param": [0.9014632505696519], "stressor_param": [0.6380691878544441], "interactions": [1], "coping_noise": [0.013563496534335409], "repeats": [10], "population_size": [502], "chronic_threshold": [0.0001], "stress_max": [10000], "time": [500], "job_nr": [451], "vul_param": [0]}}