{"data_file": "clean", "save_folder": "pre-test\\", "status_type": "linear", "distance_measure": "euclidean", "scenario": "normal", "dutch_w": 0.664, "turkish_w": 0.075, "moroccan_w": 0.13, "ghanaian_w": 0.021, "suriname_w": 0.11, "parameters": {"similarity_min": [0.5745413615842575], "ses_noise": [1], "psr_param": [0.35984005628706606], "recover_param": [0.0565089733877163], "prestige_beta": [0.02731326408226217], "prestige_param": [0.18231076137261354], "stressor_param": [0.39259795733217384], "interactions": [2], "coping_noise": [0.08799513193182668], "repeats": [10], "population_size": [502], "chronic_threshold": [0.0001], "stress_max": [10000], "time": [500], "job_nr": [287], "vul_param": [0]}}