{"data_file": "clean", "save_folder": "pre-test\\", "status_type": "linear", "distance_measure": "euclidean", "scenario": "normal", "dutch_w": 0.664, "turkish_w": 0.075, "moroccan_w": 0.13, "ghanaian_w": 0.021, "suriname_w": 0.11, "parameters": {"similarity_min": [0.8416989979541479], "ses_noise": [3], "psr_param": [0.8680636554922468], "recover_param": [0.017387973605803998], "prestige_beta": [0.04958377069927088], "prestige_param": [0.8371445798879809], "stressor_param": [0.4676349381778092], "interactions": [1], "coping_noise": [0.03386681869017875], "repeats": [10], "population_size": [502], "chronic_threshold": [0.0001], "stress_max": [10000], "time": [500], "job_nr": [420], "vul_param": [0]}}