{"data_file": "clean", "save_folder": "pre-test\\", "status_type": "linear", "distance_measure": "euclidean", "scenario": "normal", "dutch_w": 0.664, "turkish_w": 0.075, "moroccan_w": 0.13, "ghanaian_w": 0.021, "suriname_w": 0.11, "parameters": {"similarity_min": [0.228756629467412], "ses_noise": [1], "psr_param": [0.4526243835250501], "recover_param": [0.05489852254733567], "prestige_beta": [0.021455659427561776], "prestige_param": [0.47260812840466637], "stressor_param": [0.9804768557073545], "interactions": [1], "coping_noise": [0.011601950096259033], "repeats": [10], "population_size": [502], "chronic_threshold": [0.0001], "stress_max": [10000], "time": [500], "job_nr": [279], "vul_param": [0]}}