{"data_file": "clean", "save_folder": "pre-test\\", "status_type": "linear", "distance_measure": "euclidean", "scenario": "normal", "dutch_w": 0.664, "turkish_w": 0.075, "moroccan_w": 0.13, "ghanaian_w": 0.021, "suriname_w": 0.11, "parameters": {"similarity_min": [0.5288380162507639], "ses_noise": [3], "psr_param": [0.9012274304366176], "recover_param": [0.08230962339004705], "prestige_beta": [0.013933091567720844], "prestige_param": [0.892798782403563], "stressor_param": [0.9390917033424961], "interactions": [2], "coping_noise": [0.04586979198536189], "repeats": [10], "population_size": [502], "chronic_threshold": [0.0001], "stress_max": [10000], "time": [500], "job_nr": [212], "vul_param": [0]}}