{"data_file": "clean", "save_folder": "pre-test\\", "status_type": "linear", "distance_measure": "euclidean", "scenario": "normal", "dutch_w": 0.664, "turkish_w": 0.075, "moroccan_w": 0.13, "ghanaian_w": 0.021, "suriname_w": 0.11, "parameters": {"similarity_min": [0.3851878833355651], "ses_noise": [2], "psr_param": [0.31656814743746026], "recover_param": [0.002048189895994923], "prestige_beta": [0.01521817614366077], "prestige_param": [0.15585254312489077], "stressor_param": [0.3903646401327088], "interactions": [1], "coping_noise": [0.05631679668001963], "repeats": [10], "population_size": [502], "chronic_threshold": [0.0001], "stress_max": [10000], "time": [500], "job_nr": [23], "vul_param": [0]}}