{"data_file": "clean", "save_folder": "pre-test\\", "status_type": "linear", "distance_measure": "euclidean", "scenario": "normal", "dutch_w": 0.664, "turkish_w": 0.075, "moroccan_w": 0.13, "ghanaian_w": 0.021, "suriname_w": 0.11, "parameters": {"similarity_min": [0.2560378921086415], "ses_noise": [0.570801232875632], "vul_param": [0.5638162688913205], "psr_param": [0.2700031850454766], "recover_param": [0.12693890027664995], "prestige_beta": [0.0036986696476019234], "prestige_param": [0.3601690578886186], "stressor_param": [0.2704196504574964], "interactions": [1], "coping_noise": [0.05303973143216037], "repeats": [200], "population_size": [502], "chronic_threshold": [0.0001], "stress_max": [100], "time": [500], "job_nr": [11]}}