{"data_file": "clean", "save_folder": "pre-test\\", "status_type": "linear", "distance_measure": "euclidean", "scenario": "normal", "dutch_w": 0.664, "turkish_w": 0.075, "moroccan_w": 0.13, "ghanaian_w": 0.021, "suriname_w": 0.11, "parameters": {"similarity_min": [0.11951493828716858], "ses_noise": [0.22265659183046527], "vul_param": [0.9477528632327273], "psr_param": [0.801929693260065], "recover_param": [0.17344317731632175], "prestige_beta": [0.004174092016345437], "prestige_param": [0.8676094961996412], "stressor_param": [0.6462848552083723], "interactions": [1], "coping_noise": [0.0553281609803646], "repeats": [200], "population_size": [502], "chronic_threshold": [0.0001], "stress_max": [100], "time": [500], "job_nr": [83]}}