{"data_file": "clean", "save_folder": "pre-test\\", "status_type": "linear", "distance_measure": "euclidean", "scenario": "normal", "dutch_w": 0.664, "turkish_w": 0.075, "moroccan_w": 0.13, "ghanaian_w": 0.021, "suriname_w": 0.11, "parameters": {"similarity_min": [0.756787023296201], "ses_noise": [3], "psr_param": [0.3785839713344642], "recover_param": [0.0041125515018483015], "prestige_beta": [0.036990974423590735], "prestige_param": [0.9481482699560735], "stressor_param": [0.41747432599423717], "interactions": [2], "coping_noise": [0.04667000782371421], "repeats": [10], "population_size": [502], "chronic_threshold": [0.0001], "stress_max": [10000], "time": [500], "job_nr": [379], "vul_param": [0]}}