{"data_file": "clean", "save_folder": "pre-test\\", "status_type": "linear", "distance_measure": "euclidean", "scenario": "normal", "dutch_w": 0.664, "turkish_w": 0.075, "moroccan_w": 0.13, "ghanaian_w": 0.021, "suriname_w": 0.11, "parameters": {"similarity_min": [0.9865670251670055], "ses_noise": [0], "psr_param": [0.624028627804055], "recover_param": [0.016368467217370328], "prestige_beta": [0.04882725283076988], "prestige_param": [0.7856404849393837], "stressor_param": [0.4632552897480623], "interactions": [1], "coping_noise": [0.021443281073361492], "repeats": [10], "population_size": [502], "chronic_threshold": [0.0001], "stress_max": [10000], "time": [500], "job_nr": [35], "vul_param": [0]}}