{"data_file": "clean", "save_folder": "pre-test\\", "status_type": "linear", "distance_measure": "euclidean", "scenario": "normal", "dutch_w": 0.664, "turkish_w": 0.075, "moroccan_w": 0.13, "ghanaian_w": 0.021, "suriname_w": 0.11, "parameters": {"similarity_min": [0.7333003222613893], "ses_noise": [1], "psr_param": [0.22189403645407157], "recover_param": [0.036101669696642504], "prestige_beta": [0.017138779128441806], "prestige_param": [0.8345631461054857], "stressor_param": [0.7845832641189657], "interactions": [2], "coping_noise": [0.06172839153873282], "repeats": [10], "population_size": [502], "chronic_threshold": [0.0001], "stress_max": [10000], "time": [500], "job_nr": [402], "vul_param": [0]}}