{"data_file": "clean", "save_folder": "pre-test\\", "status_type": "linear", "distance_measure": "euclidean", "scenario": "normal", "dutch_w": 0.664, "turkish_w": 0.075, "moroccan_w": 0.13, "ghanaian_w": 0.021, "suriname_w": 0.11, "parameters": {"similarity_min": [0.047491727106264314], "ses_noise": [0.46004716444169913], "vul_param": [0.14059675309669828], "psr_param": [0.6336934862762932], "recover_param": [0.17175221488020156], "prestige_beta": [0.002462882386027629], "prestige_param": [0.4680439885100508], "stressor_param": [0.19593529603716509], "interactions": [2], "coping_noise": [0.07014564510714523], "repeats": [200], "population_size": [502], "chronic_threshold": [0.0001], "stress_max": [100], "time": [500], "job_nr": [43]}}