{"data_file": "clean", "save_folder": "pre-test\\", "status_type": "linear", "distance_measure": "euclidean", "scenario": "normal", "dutch_w": 0.664, "turkish_w": 0.075, "moroccan_w": 0.13, "ghanaian_w": 0.021, "suriname_w": 0.11, "parameters": {"similarity_min": [0.2627155627651687], "ses_noise": [2], "psr_param": [0.1619176386230582], "recover_param": [0.06354462518513361], "prestige_beta": [0.04990685236656301], "prestige_param": [0.7625742430007142], "stressor_param": [0.16712863404262263], "interactions": [2], "coping_noise": [0.047808795743874324], "repeats": [10], "population_size": [502], "chronic_threshold": [0.0001], "stress_max": [10000], "time": [500], "job_nr": [496], "vul_param": [0]}}