{"data_file": "clean", "save_folder": "pre-test\\", "status_type": "linear", "distance_measure": "euclidean", "scenario": "normal", "dutch_w": 0.664, "turkish_w": 0.075, "moroccan_w": 0.13, "ghanaian_w": 0.021, "suriname_w": 0.11, "parameters": {"similarity_min": [0.9104870584689975], "ses_noise": [0], "psr_param": [0.7610804519694787], "recover_param": [0.08982802718938496], "prestige_beta": [0.04254650850715686], "prestige_param": [0.48512522368860755], "stressor_param": [0.7849038718504372], "interactions": [2], "coping_noise": [0.0588216924775959], "repeats": [10], "population_size": [502], "chronic_threshold": [0.0001], "stress_max": [10000], "time": [500], "job_nr": [261], "vul_param": [0]}}