{"data_file": "clean", "save_folder": "pre-test\\", "status_type": "linear", "distance_measure": "euclidean", "scenario": "normal", "dutch_w": 0.664, "turkish_w": 0.075, "moroccan_w": 0.13, "ghanaian_w": 0.021, "suriname_w": 0.11, "parameters": {"similarity_min": [0.8651493646309443], "ses_noise": [1], "psr_param": [0.9312703708469577], "recover_param": [0.09820221795815344], "prestige_beta": [0.011052457908785888], "prestige_param": [0.45141038170551306], "stressor_param": [0.8717659850879713], "interactions": [2], "coping_noise": [0.07013861232989378], "repeats": [10], "population_size": [502], "chronic_threshold": [0.0001], "stress_max": [10000], "time": [500], "job_nr": [136], "vul_param": [0]}}