{"data_file": "clean", "save_folder": "pre-test\\", "status_type": "linear", "distance_measure": "euclidean", "scenario": "normal", "dutch_w": 0.664, "turkish_w": 0.075, "moroccan_w": 0.13, "ghanaian_w": 0.021, "suriname_w": 0.11, "parameters": {"similarity_min": [0.8679505306310351], "ses_noise": [2], "psr_param": [0.5366766032920245], "recover_param": [0.0034887944799794524], "prestige_beta": [0.027980247852347637], "prestige_param": [0.9804393984522046], "stressor_param": [0.6028819614781032], "interactions": [2], "coping_noise": [0.024015860551379626], "repeats": [10], "population_size": [502], "chronic_threshold": [0.0001], "stress_max": [10000], "time": [500], "job_nr": [164], "vul_param": [0]}}