{"data_file": "clean", "save_folder": "pre-test\\", "status_type": "linear", "distance_measure": "euclidean", "scenario": "normal", "dutch_w": 0.664, "turkish_w": 0.075, "moroccan_w": 0.13, "ghanaian_w": 0.021, "suriname_w": 0.11, "parameters": {"similarity_min": [0.18606288897247802], "ses_noise": [0.6851717216226174], "vul_param": [0.2758132977631206], "psr_param": [0.6163181580951396], "recover_param": [0.10978419434529443], "prestige_beta": [0.003093738627202552], "prestige_param": [0.8096332073131403], "stressor_param": [0.9364126038553349], "interactions": [2], "coping_noise": [0.03879210739581522], "repeats": [200], "population_size": [502], "chronic_threshold": [0.0001], "stress_max": [100], "time": [500], "job_nr": [71]}}