{"data_file": "clean", "save_folder": "pre-test\\", "status_type": "linear", "distance_measure": "euclidean", "scenario": "normal", "dutch_w": 0.664, "turkish_w": 0.075, "moroccan_w": 0.13, "ghanaian_w": 0.021, "suriname_w": 0.11, "parameters": {"similarity_min": [0.848448577689786], "ses_noise": [0], "psr_param": [0.26575840700816805], "recover_param": [0.08564233444630816], "prestige_beta": [0.04411180827802009], "prestige_param": [0.5935064368862989], "stressor_param": [0.9387888917633953], "interactions": [2], "coping_noise": [0.05217624320581466], "repeats": [10], "population_size": [502], "chronic_threshold": [0.0001], "stress_max": [10000], "time": [500], "job_nr": [116], "vul_param": [0]}}