{"data_file": "clean", "save_folder": "pre-test\\", "status_type": "linear", "distance_measure": "euclidean", "scenario": "normal", "dutch_w": 0.664, "turkish_w": 0.075, "moroccan_w": 0.13, "ghanaian_w": 0.021, "suriname_w": 0.11, "parameters": {"similarity_min": [0.9891563389241815], "ses_noise": [2], "psr_param": [0.9082030788812008], "recover_param": [0.05254735482807515], "prestige_beta": [0.03459732282488702], "prestige_param": [0.22055906374372614], "stressor_param": [0.19128814535728464], "interactions": [2], "coping_noise": [0.0398439874145183], "repeats": [10], "population_size": [502], "chronic_threshold": [0.0001], "stress_max": [10000], "time": [500], "job_nr": [444], "vul_param": [0]}}