{"data_file": "clean", "save_folder": "pre-test\\", "status_type": "linear", "distance_measure": "euclidean", "scenario": "normal", "dutch_w": 0.664, "turkish_w": 0.075, "moroccan_w": 0.13, "ghanaian_w": 0.021, "suriname_w": 0.11, "parameters": {"similarity_min": [0.12186741486326222], "ses_noise": [1], "psr_param": [0.68576768096848], "recover_param": [0.07334124322257231], "prestige_beta": [0.018322071136923548], "prestige_param": [0.38454634465482407], "stressor_param": [0.5937789080392705], "interactions": [1], "coping_noise": [0.012001698124664898], "repeats": [10], "population_size": [502], "chronic_threshold": [0.0001], "stress_max": [10000], "time": [500], "job_nr": [195], "vul_param": [0]}}