{"data_file": "clean", "save_folder": "pre-test\\", "status_type": "linear", "distance_measure": "euclidean", "scenario": "normal", "dutch_w": 0.664, "turkish_w": 0.075, "moroccan_w": 0.13, "ghanaian_w": 0.021, "suriname_w": 0.11, "parameters": {"similarity_min": [0.5100238261911708], "ses_noise": [2], "psr_param": [0.7628595818756063], "recover_param": [0.08300078428310317], "prestige_beta": [0.016642912840815864], "prestige_param": [0.8697317999149973], "stressor_param": [0.8793644557699112], "interactions": [2], "coping_noise": [0.08474134991307347], "repeats": [10], "population_size": [502], "chronic_threshold": [0.0001], "stress_max": [10000], "time": [500], "job_nr": [419], "vul_param": [0]}}