{"data_file": "clean", "save_folder": "pre-test\\", "status_type": "linear", "distance_measure": "euclidean", "scenario": "normal", "dutch_w": 0.664, "turkish_w": 0.075, "moroccan_w": 0.13, "ghanaian_w": 0.021, "suriname_w": 0.11, "parameters": {"similarity_min": [0.16392375400926035], "ses_noise": [2], "psr_param": [0.32180378476094607], "recover_param": [0.012112638081457863], "prestige_beta": [0.035952655692145535], "prestige_param": [0.4389239096538844], "stressor_param": [0.572103744569217], "interactions": [1], "coping_noise": [0.04171451727908124], "repeats": [10], "population_size": [502], "chronic_threshold": [0.0001], "stress_max": [10000], "time": [500], "job_nr": [49], "vul_param": [0]}}