{"data_file": "clean", "save_folder": "pre-test\\", "status_type": "linear", "distance_measure": "euclidean", "scenario": "normal", "dutch_w": 0.664, "turkish_w": 0.075, "moroccan_w": 0.13, "ghanaian_w": 0.021, "suriname_w": 0.11, "parameters": {"similarity_min": [0.7409067696750886], "ses_noise": [1], "psr_param": [0.8870192672527584], "recover_param": [0.03567958987408161], "prestige_beta": [0.025892264926207064], "prestige_param": [0.5847703666966487], "stressor_param": [0.3125729769396718], "interactions": [2], "coping_noise": [0.07892296717479799], "repeats": [10], "population_size": [502], "chronic_threshold": [0.0001], "stress_max": [10000], "time": [500], "job_nr": [381], "vul_param": [0]}}