{"data_file": "clean", "save_folder": "pre-test\\", "status_type": "linear", "distance_measure": "euclidean", "scenario": "normal", "dutch_w": 0.664, "turkish_w": 0.075, "moroccan_w": 0.13, "ghanaian_w": 0.021, "suriname_w": 0.11, "parameters": {"similarity_min": [0.28777777947348415], "ses_noise": [1], "psr_param": [0.3607140130725247], "recover_param": [0.012416442373776815], "prestige_beta": [0.046837041446774565], "prestige_param": [0.18167903013575304], "stressor_param": [0.15492404405661997], "interactions": [1], "coping_noise": [0.07365113166894727], "repeats": [10], "population_size": [502], "chronic_threshold": [0.0001], "stress_max": [10000], "time": [500], "job_nr": [281], "vul_param": [0]}}