{"data_file": "clean", "save_folder": "pre-test\\", "status_type": "linear", "distance_measure": "euclidean", "scenario": "normal", "dutch_w": 0.664, "turkish_w": 0.075, "moroccan_w": 0.13, "ghanaian_w": 0.021, "suriname_w": 0.11, "parameters": {"similarity_min": [0.44862885212903403], "ses_noise": [0.5832779737121424], "vul_param": [0.826551756544677], "psr_param": [0.31547010602273523], "recover_param": [0.11596861165004868], "prestige_beta": [0.0033727094580306397], "prestige_param": [0.9713351796511372], "stressor_param": [0.7641107641526506], "interactions": [1], "coping_noise": [0.051074134745514845], "repeats": [200], "population_size": [502], "chronic_threshold": [0.0001], "stress_max": [100], "time": [500], "job_nr": [39]}}