{"data_file": "clean", "save_folder": "pre-test\\", "status_type": "linear", "distance_measure": "euclidean", "scenario": "normal", "dutch_w": 0.664, "turkish_w": 0.075, "moroccan_w": 0.13, "ghanaian_w": 0.021, "suriname_w": 0.11, "parameters": {"similarity_min": [0.15150681081827014], "ses_noise": [3], "psr_param": [0.8221268564143942], "recover_param": [0.06410457187230774], "prestige_beta": [0.016812127186713908], "prestige_param": [0.9062392707684727], "stressor_param": [0.6587363461720389], "interactions": [2], "coping_noise": [0.019048599715233906], "repeats": [10], "population_size": [502], "chronic_threshold": [0.0001], "stress_max": [10000], "time": [500], "job_nr": [458], "vul_param": [0]}}