{"data_file": "clean", "save_folder": "pre-test\\", "status_type": "linear", "distance_measure": "euclidean", "scenario": "normal", "dutch_w": 0.664, "turkish_w": 0.075, "moroccan_w": 0.13, "ghanaian_w": 0.021, "suriname_w": 0.11, "parameters": {"similarity_min": [0.14179751348766734], "ses_noise": [3], "psr_param": [0.335320786068244], "recover_param": [0.023070434929943217], "prestige_beta": [0.009300660052008348], "prestige_param": [0.33918029655095167], "stressor_param": [0.9006917398185674], "interactions": [1], "coping_noise": [0.05371907174457598], "repeats": [10], "population_size": [502], "chronic_threshold": [0.0001], "stress_max": [10000], "time": [500], "job_nr": [128], "vul_param": [0]}}