{"data_file": "clean", "save_folder": "pre-test\\", "status_type": "linear", "distance_measure": "euclidean", "scenario": "normal", "dutch_w": 0.664, "turkish_w": 0.075, "moroccan_w": 0.13, "ghanaian_w": 0.021, "suriname_w": 0.11, "parameters": {"similarity_min": [0.6404781782107997], "ses_noise": [0], "psr_param": [0.4177914659326597], "recover_param": [0.08823148184647295], "prestige_beta": [0.00808323860582113], "prestige_param": [0.9582388302366476], "stressor_param": [0.7204448986134578], "interactions": [1], "coping_noise": [0.08918195083116796], "repeats": [10], "population_size": [502], "chronic_threshold": [0.0001], "stress_max": [10000], "time": [500], "job_nr": [186], "vul_param": [0]}}