{"data_file": "clean", "save_folder": "pre-test\\", "status_type": "linear", "distance_measure": "euclidean", "scenario": "normal", "dutch_w": 0.664, "turkish_w": 0.075, "moroccan_w": 0.13, "ghanaian_w": 0.021, "suriname_w": 0.11, "parameters": {"similarity_min": [0.11508713869867797], "ses_noise": [1], "psr_param": [0.15544687935786197], "recover_param": [0.06285858607828679], "prestige_beta": [0.00814179949924107], "prestige_param": [0.9384134037604093], "stressor_param": [0.8448695131483263], "interactions": [1], "coping_noise": [0.057802590359832456], "repeats": [10], "population_size": [502], "chronic_threshold": [0.0001], "stress_max": [10000], "time": [500], "job_nr": [314], "vul_param": [0]}}