{"data_file": "clean", "save_folder": "pre-test\\", "status_type": "linear", "distance_measure": "euclidean", "scenario": "normal", "dutch_w": 0.664, "turkish_w": 0.075, "moroccan_w": 0.13, "ghanaian_w": 0.021, "suriname_w": 0.11, "parameters": {"similarity_min": [0.4734169814551914], "ses_noise": [2], "psr_param": [0.9213233995729857], "recover_param": [0.09071284127840935], "prestige_beta": [0.04730253003558488], "prestige_param": [0.17711506948324157], "stressor_param": [0.7497688812494786], "interactions": [2], "coping_noise": [0.029091162417984574], "repeats": [10], "population_size": [502], "chronic_threshold": [0.0001], "stress_max": [10000], "time": [500], "job_nr": [210], "vul_param": [0]}}