{"data_file": "clean", "save_folder": "pre-test\\", "status_type": "linear", "distance_measure": "euclidean", "scenario": "normal", "dutch_w": 0.664, "turkish_w": 0.075, "moroccan_w": 0.13, "ghanaian_w": 0.021, "suriname_w": 0.11, "parameters": {"similarity_min": [0.32479567589704045], "ses_noise": [1.204795127416359], "vul_param": [0.7164730895431747], "psr_param": [0.16638804633307297], "recover_param": [0.18057053925179467], "prestige_beta": [0.0031930881088760104], "prestige_param": [0.11163908419272843], "stressor_param": [0.6558736593110425], "interactions": [1], "coping_noise": [0.05815852359156421], "repeats": [200], "population_size": [502], "chronic_threshold": [0.0001], "stress_max": [100], "time": [500], "job_nr": [18]}}