{"data_file": "clean", "save_folder": "pre-test\\", "status_type": "linear", "distance_measure": "euclidean", "scenario": "normal", "dutch_w": 0.664, "turkish_w": 0.075, "moroccan_w": 0.13, "ghanaian_w": 0.021, "suriname_w": 0.11, "parameters": {"similarity_min": [0.20898752543192065], "ses_noise": [2], "psr_param": [0.7871607730568753], "recover_param": [0.03248378591768804], "prestige_beta": [0.028457351799753023], "prestige_param": [0.8597674537956056], "stressor_param": [0.13576576654494232], "interactions": [1], "coping_noise": [0.0349931367062671], "repeats": [10], "population_size": [502], "chronic_threshold": [0.0001], "stress_max": [10000], "time": [500], "job_nr": [76], "vul_param": [0]}}