{"data_file": "clean", "save_folder": "pre-test\\", "status_type": "linear", "distance_measure": "euclidean", "scenario": "normal", "dutch_w": 0.664, "turkish_w": 0.075, "moroccan_w": 0.13, "ghanaian_w": 0.021, "suriname_w": 0.11, "parameters": {"similarity_min": [0.9265656504327474], "ses_noise": [3], "psr_param": [0.9180711531236275], "recover_param": [0.08058143332279967], "prestige_beta": [0.013599898590343745], "prestige_param": [0.21390226043914484], "stressor_param": [0.9344164404162081], "interactions": [2], "coping_noise": [0.028402186898122725], "repeats": [10], "population_size": [502], "chronic_threshold": [0.0001], "stress_max": [10000], "time": [500], "job_nr": [285], "vul_param": [0]}}