{"data_file": "clean", "save_folder": "pre-test\\", "status_type": "linear", "distance_measure": "euclidean", "scenario": "normal", "dutch_w": 0.664, "turkish_w": 0.075, "moroccan_w": 0.13, "ghanaian_w": 0.021, "suriname_w": 0.11, "parameters": {"similarity_min": [0.7993450495113725], "ses_noise": [3], "psr_param": [0.7640055887084697], "recover_param": [0.07669913546048969], "prestige_beta": [0.0480108072437107], "prestige_param": [0.4404832529116417], "stressor_param": [0.8231872825086451], "interactions": [2], "coping_noise": [0.017522644509688108], "repeats": [10], "population_size": [502], "chronic_threshold": [0.0001], "stress_max": [10000], "time": [500], "job_nr": [167], "vul_param": [0]}}