{"data_file": "clean", "save_folder": "pre-test\\", "status_type": "linear", "distance_measure": "euclidean", "scenario": "normal", "dutch_w": 0.664, "turkish_w": 0.075, "moroccan_w": 0.13, "ghanaian_w": 0.021, "suriname_w": 0.11, "parameters": {"similarity_min": [0.526380374966458], "ses_noise": [1], "psr_param": [0.37979676768844206], "recover_param": [0.031772844348885304], "prestige_beta": [0.019006192258394696], "prestige_param": [0.8962940538954588], "stressor_param": [0.43797757507337776], "interactions": [1], "coping_noise": [0.09699232445468839], "repeats": [10], "population_size": [502], "chronic_threshold": [0.0001], "stress_max": [10000], "time": [500], "job_nr": [305], "vul_param": [0]}}