{"data_file": "clean", "save_folder": "pre-test\\", "status_type": "linear", "distance_measure": "euclidean", "scenario": "normal", "dutch_w": 0.664, "turkish_w": 0.075, "moroccan_w": 0.13, "ghanaian_w": 0.021, "suriname_w": 0.11, "parameters": {"similarity_min": [0.241155724230193], "ses_noise": [2], "psr_param": [0.2982390708079208], "recover_param": [0.054959692367942035], "prestige_beta": [0.008514620687029822], "prestige_param": [0.8087133930536524], "stressor_param": [0.6795838876280913], "interactions": [1], "coping_noise": [0.06272409501835063], "repeats": [10], "population_size": [502], "chronic_threshold": [0.0001], "stress_max": [10000], "time": [500], "job_nr": [334], "vul_param": [0]}}