{"data_file": "clean", "save_folder": "pre-test\\", "status_type": "linear", "distance_measure": "euclidean", "scenario": "normal", "dutch_w": 0.664, "turkish_w": 0.075, "moroccan_w": 0.13, "ghanaian_w": 0.021, "suriname_w": 0.11, "parameters": {"similarity_min": [0.4789773645494445], "ses_noise": [3], "psr_param": [0.9758676957762621], "recover_param": [0.0383763133283489], "prestige_beta": [0.046855691225110574], "prestige_param": [0.7691913555282551], "stressor_param": [0.46029851902673513], "interactions": [2], "coping_noise": [0.01897490152827481], "repeats": [10], "population_size": [502], "chronic_threshold": [0.0001], "stress_max": [10000], "time": [500], "job_nr": [482], "vul_param": [0]}}