{"data_file": "clean", "save_folder": "pre-test\\", "status_type": "linear", "distance_measure": "euclidean", "scenario": "normal", "dutch_w": 0.664, "turkish_w": 0.075, "moroccan_w": 0.13, "ghanaian_w": 0.021, "suriname_w": 0.11, "parameters": {"similarity_min": [0.32545365012207883], "ses_noise": [2.1125088218769124], "vul_param": [0.5894789832789133], "psr_param": [0.7837357484251354], "recover_param": [0.10742994594429271], "prestige_beta": [0.0016095787734250304], "prestige_param": [0.20927662624369886], "stressor_param": [0.22867362710618563], "interactions": [2], "coping_noise": [0.016884082826487044], "repeats": [200], "population_size": [502], "chronic_threshold": [0.0001], "stress_max": [100], "time": [500], "job_nr": [37]}}