{"data_file": "clean", "save_folder": "pre-test\\", "status_type": "linear", "distance_measure": "euclidean", "scenario": "normal", "dutch_w": 0.664, "turkish_w": 0.075, "moroccan_w": 0.13, "ghanaian_w": 0.021, "suriname_w": 0.11, "parameters": {"similarity_min": [0.22236842665632833], "ses_noise": [0.06957560499777804], "vul_param": [0.9614631983087957], "psr_param": [0.3280653013911924], "recover_param": [0.1961786594788112], "prestige_beta": [0.00464097087704384], "prestige_param": [0.7202239853401579], "stressor_param": [0.9054610087521923], "interactions": [2], "coping_noise": [0.028672241351561892], "repeats": [200], "population_size": [502], "chronic_threshold": [0.0001], "stress_max": [100], "time": [500], "job_nr": [29]}}