{"data_file": "clean", "save_folder": "pre-test\\", "status_type": "linear", "distance_measure": "euclidean", "scenario": "normal", "dutch_w": 0.664, "turkish_w": 0.075, "moroccan_w": 0.13, "ghanaian_w": 0.021, "suriname_w": 0.11, "parameters": {"similarity_min": [0.9326803088035127], "ses_noise": [0], "psr_param": [0.2924459954304706], "recover_param": [0.015501770558665008], "prestige_beta": [0.037548823927847676], "prestige_param": [0.3730375377430155], "stressor_param": [0.703705263707488], "interactions": [1], "coping_noise": [0.03735201447022942], "repeats": [10], "population_size": [502], "chronic_threshold": [0.0001], "stress_max": [10000], "time": [500], "job_nr": [227], "vul_param": [0]}}