{"data_file": "clean", "save_folder": "pre-test\\", "status_type": "linear", "distance_measure": "euclidean", "scenario": "normal", "dutch_w": 0.664, "turkish_w": 0.075, "moroccan_w": 0.13, "ghanaian_w": 0.021, "suriname_w": 0.11, "parameters": {"similarity_min": [0.7644243516186673], "ses_noise": [3], "psr_param": [0.5604058384966493], "recover_param": [0.08561000899499642], "prestige_beta": [0.020154830372081635], "prestige_param": [0.5122693369804363], "stressor_param": [0.6189818520167533], "interactions": [1], "coping_noise": [0.022410122280237824], "repeats": [10], "population_size": [502], "chronic_threshold": [0.0001], "stress_max": [10000], "time": [500], "job_nr": [289], "vul_param": [0]}}