{"data_file": "clean", "save_folder": "pre-test\\", "status_type": "linear", "distance_measure": "euclidean", "scenario": "normal", "dutch_w": 0.664, "turkish_w": 0.075, "moroccan_w": 0.13, "ghanaian_w": 0.021, "suriname_w": 0.11, "parameters": {"similarity_min": [0.3124930521348683], "ses_noise": [0.6603988047722148], "vul_param": [0.3431587987664322], "psr_param": [0.6395559500725082], "recover_param": [0.1621492881256334], "prestige_beta": [0.0013371276484512654], "prestige_param": [0.891555042683599], "stressor_param": [0.13264479417020614], "interactions": [1], "coping_noise": [0.05948856019653431], "repeats": [200], "population_size": [502], "chronic_threshold": [0.0001], "stress_max": [100], "time": [500], "job_nr": [95]}}