{"data_file": "clean", "save_folder": "pre-test\\", "status_type": "linear", "distance_measure": "euclidean", "scenario": "normal", "dutch_w": 0.664, "turkish_w": 0.075, "moroccan_w": 0.13, "ghanaian_w": 0.021, "suriname_w": 0.11, "parameters": {"similarity_min": [0.732896466485495], "ses_noise": [0], "psr_param": [0.2220371146866634], "recover_param": [0.04659504423289124], "prestige_beta": [0.03135536669276438], "prestige_param": [0.22296357420653484], "stressor_param": [0.6115961993445073], "interactions": [1], "coping_noise": [0.02085577274699963], "repeats": [10], "population_size": [502], "chronic_threshold": [0.0001], "stress_max": [10000], "time": [500], "job_nr": [107], "vul_param": [0]}}