{"data_file": "clean", "save_folder": "pre-test\\", "status_type": "linear", "distance_measure": "euclidean", "scenario": "normal", "dutch_w": 0.664, "turkish_w": 0.075, "moroccan_w": 0.13, "ghanaian_w": 0.021, "suriname_w": 0.11, "parameters": {"similarity_min": [0.5574717590413807], "ses_noise": [3], "psr_param": [0.3722585830716293], "recover_param": [0.024506352137959576], "prestige_beta": [0.036956779613021205], "prestige_param": [0.6717355753779953], "stressor_param": [0.9898735470970933], "interactions": [1], "coping_noise": [0.06874965203335412], "repeats": [10], "population_size": [502], "chronic_threshold": [0.0001], "stress_max": [10000], "time": [500], "job_nr": [374], "vul_param": [0]}}