{"data_file": "clean", "save_folder": "pre-test\\", "status_type": "linear", "distance_measure": "euclidean", "scenario": "normal", "dutch_w": 0.664, "turkish_w": 0.075, "moroccan_w": 0.13, "ghanaian_w": 0.021, "suriname_w": 0.11, "parameters": {"similarity_min": [0.49774280925535463], "ses_noise": [3], "psr_param": [0.9295874843102138], "recover_param": [0.09638028893942134], "prestige_beta": [0.04017644276848028], "prestige_param": [0.7685361679189604], "stressor_param": [0.5962304232666084], "interactions": [1], "coping_noise": [0.09085879455008829], "repeats": [10], "population_size": [502], "chronic_threshold": [0.0001], "stress_max": [10000], "time": [500], "job_nr": [442], "vul_param": [0]}}