{"data_file": "clean", "save_folder": "pre-test\\", "status_type": "linear", "distance_measure": "euclidean", "scenario": "normal", "dutch_w": 0.664, "turkish_w": 0.075, "moroccan_w": 0.13, "ghanaian_w": 0.021, "suriname_w": 0.11, "parameters": {"similarity_min": [0.9017340501955923], "ses_noise": [1], "psr_param": [0.34882977753629607], "recover_param": [0.048264435415978274], "prestige_beta": [0.025475708334673063], "prestige_param": [0.7774104659530732], "stressor_param": [0.922567965284158], "interactions": [1], "coping_noise": [0.0768652689752493], "repeats": [10], "population_size": [502], "chronic_threshold": [0.0001], "stress_max": [10000], "time": [500], "job_nr": [53], "vul_param": [0]}}