{"data_file": "clean", "save_folder": "pre-test\\", "status_type": "linear", "distance_measure": "euclidean", "scenario": "normal", "dutch_w": 0.664, "turkish_w": 0.075, "moroccan_w": 0.13, "ghanaian_w": 0.021, "suriname_w": 0.11, "parameters": {"similarity_min": [0.6162408577957942], "ses_noise": [0], "psr_param": [0.19281112557812613], "recover_param": [0.06796119838260825], "prestige_beta": [0.014549993536211722], "prestige_param": [0.29897431174427413], "stressor_param": [0.7455979368171617], "interactions": [1], "coping_noise": [0.011267727413786103], "repeats": [10], "population_size": [502], "chronic_threshold": [0.0001], "stress_max": [10000], "time": [500], "job_nr": [258], "vul_param": [0]}}