{"data_file": "clean", "save_folder": "pre-test\\", "status_type": "linear", "distance_measure": "euclidean", "scenario": "normal", "dutch_w": 0.664, "turkish_w": 0.075, "moroccan_w": 0.13, "ghanaian_w": 0.021, "suriname_w": 0.11, "parameters": {"similarity_min": [0.9820788879529045], "ses_noise": [2], "psr_param": [0.7204480094466842], "recover_param": [0.0921130106230912], "prestige_beta": [0.041112935493291765], "prestige_param": [0.3095786870921281], "stressor_param": [0.48760792081828064], "interactions": [2], "coping_noise": [0.06891494155574525], "repeats": [10], "population_size": [502], "chronic_threshold": [0.0001], "stress_max": [10000], "time": [500], "job_nr": [354], "vul_param": [0]}}