{"data_file": "clean", "save_folder": "pre-test\\", "status_type": "linear", "distance_measure": "euclidean", "scenario": "normal", "dutch_w": 0.664, "turkish_w": 0.075, "moroccan_w": 0.13, "ghanaian_w": 0.021, "suriname_w": 0.11, "parameters": {"similarity_min": [0.17617022652280084], "ses_noise": [0], "psr_param": [0.6060748416792306], "recover_param": [0.06969298188984425], "prestige_beta": [0.023989558285685095], "prestige_param": [0.922001356498099], "stressor_param": [0.3249982732807406], "interactions": [1], "coping_noise": [0.012166702901326584], "repeats": [10], "population_size": [502], "chronic_threshold": [0.0001], "stress_max": [10000], "time": [500], "job_nr": [498], "vul_param": [0]}}