{"data_file": "clean", "save_folder": "pre-test\\", "status_type": "linear", "distance_measure": "euclidean", "scenario": "normal", "dutch_w": 0.664, "turkish_w": 0.075, "moroccan_w": 0.13, "ghanaian_w": 0.021, "suriname_w": 0.11, "parameters": {"similarity_min": [0.8279341300667564], "ses_noise": [0], "psr_param": [0.3628150508983903], "recover_param": [0.04169590775247324], "prestige_beta": [0.0169853306641296], "prestige_param": [0.10951550662753441], "stressor_param": [0.9972008530470445], "interactions": [2], "coping_noise": [0.024790204150903564], "repeats": [10], "population_size": [502], "chronic_threshold": [0.0001], "stress_max": [10000], "time": [500], "job_nr": [79], "vul_param": [0]}}