{"data_file": "clean", "save_folder": "pre-test\\", "status_type": "linear", "distance_measure": "euclidean", "scenario": "normal", "dutch_w": 0.664, "turkish_w": 0.075, "moroccan_w": 0.13, "ghanaian_w": 0.021, "suriname_w": 0.11, "parameters": {"similarity_min": [0.652826042740366], "ses_noise": [0], "psr_param": [0.8646140993762754], "recover_param": [0.08764678653296712], "prestige_beta": [0.012586684095210262], "prestige_param": [0.1535535571942329], "stressor_param": [0.18246334051586188], "interactions": [2], "coping_noise": [0.02857706521262697], "repeats": [10], "population_size": [502], "chronic_threshold": [0.0001], "stress_max": [10000], "time": [500], "job_nr": [61], "vul_param": [0]}}