{"data_file": "clean", "save_folder": "pre-test\\", "status_type": "linear", "distance_measure": "euclidean", "scenario": "normal", "dutch_w": 0.664, "turkish_w": 0.075, "moroccan_w": 0.13, "ghanaian_w": 0.021, "suriname_w": 0.11, "parameters": {"similarity_min": [0.8342149557179218], "ses_noise": [0], "psr_param": [0.8218736995544574], "recover_param": [0.043459634133274944], "prestige_beta": [0.032540861182232726], "prestige_param": [0.9610286083958601], "stressor_param": [0.3179706630426887], "interactions": [1], "coping_noise": [0.08094903931804924], "repeats": [10], "population_size": [502], "chronic_threshold": [0.0001], "stress_max": [10000], "time": [500], "job_nr": [375], "vul_param": [0]}}