{"data_file": "clean", "save_folder": "pre-test\\", "status_type": "linear", "distance_measure": "euclidean", "scenario": "normal", "dutch_w": 0.664, "turkish_w": 0.075, "moroccan_w": 0.13, "ghanaian_w": 0.021, "suriname_w": 0.11, "parameters": {"similarity_min": [0.533224074640534], "ses_noise": [1], "psr_param": [0.27553391120436643], "recover_param": [0.08786188855788572], "prestige_beta": [0.017694952259551602], "prestige_param": [0.7825611601813086], "stressor_param": [0.7517561108743448], "interactions": [1], "coping_noise": [0.033311717585154096], "repeats": [10], "population_size": [502], "chronic_threshold": [0.0001], "stress_max": [10000], "time": [500], "job_nr": [110], "vul_param": [0]}}