{"data_file": "clean", "save_folder": "pre-test\\", "status_type": "linear", "distance_measure": "euclidean", "scenario": "normal", "dutch_w": 0.664, "turkish_w": 0.075, "moroccan_w": 0.13, "ghanaian_w": 0.021, "suriname_w": 0.11, "parameters": {"similarity_min": [0.4403825070122685], "ses_noise": [0.7867959683332665], "vul_param": [0.87328748554654], "psr_param": [0.5388182165159373], "recover_param": [0.19306678005124156], "prestige_beta": [0.0024927902282141953], "prestige_param": [0.9236589489466753], "stressor_param": [0.44502244679029135], "interactions": [1], "coping_noise": [0.03186506845582469], "repeats": [200], "population_size": [502], "chronic_threshold": [0.0001], "stress_max": [100], "time": [500], "job_nr": [17]}}