{"data_file": "clean", "save_folder": "pre-test\\", "status_type": "linear", "distance_measure": "euclidean", "scenario": "normal", "dutch_w": 0.664, "turkish_w": 0.075, "moroccan_w": 0.13, "ghanaian_w": 0.021, "suriname_w": 0.11, "parameters": {"similarity_min": [0.09551098967232396], "ses_noise": [0.15384551252000378], "vul_param": [0.6465959810425772], "psr_param": [0.22356316375743795], "recover_param": [0.12792336238786628], "prestige_beta": [0.004705343531210325], "prestige_param": [0.2762757298534052], "stressor_param": [0.14646271176820372], "interactions": [1], "coping_noise": [0.09627158969886407], "repeats": [200], "population_size": [502], "chronic_threshold": [0.0001], "stress_max": [100], "time": [500], "job_nr": [77]}}