{"data_file": "clean", "save_folder": "pre-test\\", "status_type": "linear", "distance_measure": "euclidean", "scenario": "normal", "dutch_w": 0.664, "turkish_w": 0.075, "moroccan_w": 0.13, "ghanaian_w": 0.021, "suriname_w": 0.11, "parameters": {"similarity_min": [0.2880651458431741], "ses_noise": [3], "psr_param": [0.2781070703064975], "recover_param": [0.07503039254657627], "prestige_beta": [0.03717062409934754], "prestige_param": [0.7561723775939682], "stressor_param": [0.44874358304048434], "interactions": [1], "coping_noise": [0.0878034347062848], "repeats": [10], "population_size": [502], "chronic_threshold": [0.0001], "stress_max": [10000], "time": [500], "job_nr": [159], "vul_param": [0]}}