{"data_file": "clean", "save_folder": "pre-test\\", "status_type": "linear", "distance_measure": "euclidean", "scenario": "normal", "dutch_w": 0.664, "turkish_w": 0.075, "moroccan_w": 0.13, "ghanaian_w": 0.021, "suriname_w": 0.11, "parameters": {"similarity_min": [0.6274720141534094], "ses_noise": [0], "psr_param": [0.7562526198727011], "recover_param": [0.07821753644331075], "prestige_beta": [0.03411039902288455], "prestige_param": [0.24350529836189808], "stressor_param": [0.9621203564329133], "interactions": [1], "coping_noise": [0.09412467988488676], "repeats": [10], "population_size": [502], "chronic_threshold": [0.0001], "stress_max": [10000], "time": [500], "job_nr": [125], "vul_param": [0]}}