{"data_file": "clean", "save_folder": "pre-test\\", "status_type": "linear", "distance_measure": "euclidean", "scenario": "normal", "dutch_w": 0.664, "turkish_w": 0.075, "moroccan_w": 0.13, "ghanaian_w": 0.021, "suriname_w": 0.11, "parameters": {"similarity_min": [0.08255397365623224], "ses_noise": [1.292241302129784], "vul_param": [0.5379959279365596], "psr_param": [0.7778571029551742], "recover_param": [0.1091546400655467], "prestige_beta": [0.002958756545199991], "prestige_param": [0.6084756642122822], "stressor_param": [0.7175477657951744], "interactions": [1], "coping_noise": [0.0790301237999632], "repeats": [200], "population_size": [502], "chronic_threshold": [0.0001], "stress_max": [100], "time": [500], "job_nr": [86]}}