{"data_file": "clean", "save_folder": "pre-test\\", "status_type": "linear", "distance_measure": "euclidean", "scenario": "normal", "dutch_w": 0.664, "turkish_w": 0.075, "moroccan_w": 0.13, "ghanaian_w": 0.021, "suriname_w": 0.11, "parameters": {"similarity_min": [0.40961192961042286], "ses_noise": [1.9409523053587239], "vul_param": [0.8539228299891917], "psr_param": [0.890154631890617], "recover_param": [0.1482096117324176], "prestige_beta": [0.004588877549959288], "prestige_param": [0.5734233707598281], "stressor_param": [0.127146784863481], "interactions": [2], "coping_noise": [0.05066227628036513], "repeats": [200], "population_size": [502], "chronic_threshold": [0.0001], "stress_max": [100], "time": [500], "job_nr": [2]}}