{"data_file": "clean", "save_folder": "pre-test\\", "status_type": "linear", "distance_measure": "euclidean", "scenario": "normal", "dutch_w": 0.664, "turkish_w": 0.075, "moroccan_w": 0.13, "ghanaian_w": 0.021, "suriname_w": 0.11, "parameters": {"similarity_min": [0.46423301860318644], "ses_noise": [2], "psr_param": [0.21920772324651336], "recover_param": [0.004865517989084245], "prestige_beta": [0.0347180676824042], "prestige_param": [0.594791114395684], "stressor_param": [0.8055828524236504], "interactions": [2], "coping_noise": [0.03720528928103649], "repeats": [10], "population_size": [502], "chronic_threshold": [0.0001], "stress_max": [10000], "time": [500], "job_nr": [101], "vul_param": [0]}}