{"data_file": "clean", "save_folder": "pre-test\\", "status_type": "linear", "distance_measure": "euclidean", "scenario": "normal", "dutch_w": 0.664, "turkish_w": 0.075, "moroccan_w": 0.13, "ghanaian_w": 0.021, "suriname_w": 0.11, "parameters": {"similarity_min": [0.7373647754020642], "ses_noise": [3], "psr_param": [0.22921026282185894], "recover_param": [0.04375160702133335], "prestige_beta": [0.03972073118753609], "prestige_param": [0.9351430269718525], "stressor_param": [0.7000458245196178], "interactions": [1], "coping_noise": [0.02329697617228914], "repeats": [10], "population_size": [502], "chronic_threshold": [0.0001], "stress_max": [10000], "time": [500], "job_nr": [466], "vul_param": [0]}}