{"data_file": "clean", "save_folder": "pre-test\\", "status_type": "linear", "distance_measure": "euclidean", "scenario": "normal", "dutch_w": 0.664, "turkish_w": 0.075, "moroccan_w": 0.13, "ghanaian_w": 0.021, "suriname_w": 0.11, "parameters": {"similarity_min": [0.9742537243403747], "ses_noise": [2], "psr_param": [0.4812474527668831], "recover_param": [0.06439208510773542], "prestige_beta": [0.038988374950600695], "prestige_param": [0.9359656031509448], "stressor_param": [0.9365089872467661], "interactions": [2], "coping_noise": [0.04790741194688861], "repeats": [10], "population_size": [502], "chronic_threshold": [0.0001], "stress_max": [10000], "time": [500], "job_nr": [265], "vul_param": [0]}}