{"data_file": "clean", "save_folder": "pre-test\\", "status_type": "linear", "distance_measure": "euclidean", "scenario": "normal", "dutch_w": 0.664, "turkish_w": 0.075, "moroccan_w": 0.13, "ghanaian_w": 0.021, "suriname_w": 0.11, "parameters": {"similarity_min": [0.47078988507177694], "ses_noise": [0.11744102487707853], "vul_param": [0.2636723078791773], "psr_param": [0.4226730094631369], "recover_param": [0.1786496623255538], "prestige_beta": [0.0011531742461014026], "prestige_param": [0.7355439730481975], "stressor_param": [0.5010193960977459], "interactions": [2], "coping_noise": [0.057009168437277505], "repeats": [200], "population_size": [502], "chronic_threshold": [0.0001], "stress_max": [100], "time": [500], "job_nr": [21]}}