{"data_file": "clean", "save_folder": "pre-test\\", "status_type": "linear", "distance_measure": "euclidean", "scenario": "normal", "dutch_w": 0.664, "turkish_w": 0.075, "moroccan_w": 0.13, "ghanaian_w": 0.021, "suriname_w": 0.11, "parameters": {"similarity_min": [0.02670603518350495], "ses_noise": [2.8707435509194665], "vul_param": [0.4894095844934577], "psr_param": [0.12642367852984665], "recover_param": [0.17007247026433797], "prestige_beta": [0.0027621045365620244], "prestige_param": [0.2594521554456074], "stressor_param": [0.2724806820654057], "interactions": [1], "coping_noise": [0.07209191270998497], "repeats": [200], "population_size": [502], "chronic_threshold": [0.0001], "stress_max": [100], "time": [500], "job_nr": [23]}}