{"data_file": "clean", "save_folder": "pre-test\\", "status_type": "linear", "distance_measure": "euclidean", "scenario": "normal", "dutch_w": 0.664, "turkish_w": 0.075, "moroccan_w": 0.13, "ghanaian_w": 0.021, "suriname_w": 0.11, "parameters": {"similarity_min": [0.342968199225785], "ses_noise": [1], "psr_param": [0.15207113349462448], "recover_param": [0.059424107401678174], "prestige_beta": [0.018382092151374062], "prestige_param": [0.9958458964073139], "stressor_param": [0.918576646154427], "interactions": [2], "coping_noise": [0.06678203774693915], "repeats": [10], "population_size": [502], "chronic_threshold": [0.0001], "stress_max": [10000], "time": [500], "job_nr": [397], "vul_param": [0]}}