{"data_file": "clean", "save_folder": "pre-test\\", "status_type": "linear", "distance_measure": "euclidean", "scenario": "normal", "dutch_w": 0.664, "turkish_w": 0.075, "moroccan_w": 0.13, "ghanaian_w": 0.021, "suriname_w": 0.11, "parameters": {"similarity_min": [0.2566651372819369], "ses_noise": [2], "psr_param": [0.6846165589316797], "recover_param": [0.05367317866594483], "prestige_beta": [0.006747388770485574], "prestige_param": [0.18047203132377437], "stressor_param": [0.11830391540980986], "interactions": [1], "coping_noise": [0.036767472742953174], "repeats": [10], "population_size": [502], "chronic_threshold": [0.0001], "stress_max": [10000], "time": [500], "job_nr": [478], "vul_param": [0]}}