{"data_file": "clean", "save_folder": "pre-test\\", "status_type": "linear", "distance_measure": "euclidean", "scenario": "normal", "dutch_w": 0.664, "turkish_w": 0.075, "moroccan_w": 0.13, "ghanaian_w": 0.021, "suriname_w": 0.11, "parameters": {"similarity_min": [0.4597463128253858], "ses_noise": [2], "psr_param": [0.9476797820510987], "recover_param": [0.07817799574932738], "prestige_beta": [0.03157674533935879], "prestige_param": [0.7793167467623803], "stressor_param": [0.7746420072948572], "interactions": [2], "coping_noise": [0.062475696023433176], "repeats": [10], "population_size": [502], "chronic_threshold": [0.0001], "stress_max": [10000], "time": [500], "job_nr": [497], "vul_param": [0]}}