{"data_file": "clean", "save_folder": "pre-test\\", "status_type": "linear", "distance_measure": "euclidean", "scenario": "normal", "dutch_w": 0.664, "turkish_w": 0.075, "moroccan_w": 0.13, "ghanaian_w": 0.021, "suriname_w": 0.11, "parameters": {"similarity_min": [0.3326178360942364], "ses_noise": [0], "psr_param": [0.9217198691221444], "recover_param": [0.033943802989227986], "prestige_beta": [0.020201081085325222], "prestige_param": [0.8485305579750053], "stressor_param": [0.7710129341408064], "interactions": [1], "coping_noise": [0.0875936656030644], "repeats": [10], "population_size": [502], "chronic_threshold": [0.0001], "stress_max": [10000], "time": [500], "job_nr": [400], "vul_param": [0]}}