{"data_file": "clean", "save_folder": "pre-test\\", "status_type": "linear", "distance_measure": "euclidean", "scenario": "normal", "dutch_w": 0.664, "turkish_w": 0.075, "moroccan_w": 0.13, "ghanaian_w": 0.021, "suriname_w": 0.11, "parameters": {"similarity_min": [0.049233052725307036], "ses_noise": [1.2353167158100535], "vul_param": [0.8720602279333998], "psr_param": [0.2900925118330179], "recover_param": [0.1366083051620288], "prestige_beta": [0.0018959106563443942], "prestige_param": [0.43090905887403774], "stressor_param": [0.5988966821874183], "interactions": [1], "coping_noise": [0.0371311015103388], "repeats": [200], "population_size": [502], "chronic_threshold": [0.0001], "stress_max": [100], "time": [500], "job_nr": [44]}}