{"data_file": "clean", "save_folder": "pre-test\\", "status_type": "linear", "distance_measure": "euclidean", "scenario": "normal", "dutch_w": 0.664, "turkish_w": 0.075, "moroccan_w": 0.13, "ghanaian_w": 0.021, "suriname_w": 0.11, "parameters": {"similarity_min": [0.620650645163811], "ses_noise": [2], "psr_param": [0.10410030485784445], "recover_param": [0.09057979597248307], "prestige_beta": [0.024823913286403695], "prestige_param": [0.8306355762714799], "stressor_param": [0.6188395839082421], "interactions": [1], "coping_noise": [0.09308317410962441], "repeats": [10], "population_size": [502], "chronic_threshold": [0.0001], "stress_max": [10000], "time": [500], "job_nr": [365], "vul_param": [0]}}