{"data_file": "clean", "save_folder": "pre-test\\", "status_type": "linear", "distance_measure": "euclidean", "scenario": "normal", "dutch_w": 0.664, "turkish_w": 0.075, "moroccan_w": 0.13, "ghanaian_w": 0.021, "suriname_w": 0.11, "parameters": {"similarity_min": [0.3940958121566953], "ses_noise": [3], "psr_param": [0.7156510449249004], "recover_param": [0.019549939547959378], "prestige_beta": [0.01967759216211677], "prestige_param": [0.14864973261721956], "stressor_param": [0.7361694043234217], "interactions": [2], "coping_noise": [0.052625120949343664], "repeats": [10], "population_size": [502], "chronic_threshold": [0.0001], "stress_max": [10000], "time": [500], "job_nr": [245], "vul_param": [0]}}