{"data_file": "clean", "save_folder": "pre-test\\", "status_type": "linear", "distance_measure": "euclidean", "scenario": "normal", "dutch_w": 0.664, "turkish_w": 0.075, "moroccan_w": 0.13, "ghanaian_w": 0.021, "suriname_w": 0.11, "parameters": {"similarity_min": [0.7122717443527169], "ses_noise": [2], "psr_param": [0.9347066479121695], "recover_param": [0.030053547003263455], "prestige_beta": [0.01916772074006103], "prestige_param": [0.48258352834780915], "stressor_param": [0.40061203016293556], "interactions": [2], "coping_noise": [0.038738600262869086], "repeats": [10], "population_size": [502], "chronic_threshold": [0.0001], "stress_max": [10000], "time": [500], "job_nr": [323], "vul_param": [0]}}