{"data_file": "clean", "save_folder": "pre-test\\", "status_type": "linear", "distance_measure": "euclidean", "scenario": "normal", "dutch_w": 0.664, "turkish_w": 0.075, "moroccan_w": 0.13, "ghanaian_w": 0.021, "suriname_w": 0.11, "parameters": {"similarity_min": [0.8997797091141017], "ses_noise": [0], "psr_param": [0.387666782018096], "recover_param": [0.08912338855696335], "prestige_beta": [0.029319436459202968], "prestige_param": [0.9165486604590438], "stressor_param": [0.12487414291862503], "interactions": [2], "coping_noise": [0.06932478528959776], "repeats": [10], "population_size": [502], "chronic_threshold": [0.0001], "stress_max": [10000], "time": [500], "job_nr": [330], "vul_param": [0]}}