{"data_file": "clean", "save_folder": "pre-test\\", "status_type": "linear", "distance_measure": "euclidean", "scenario": "normal", "dutch_w": 0.664, "turkish_w": 0.075, "moroccan_w": 0.13, "ghanaian_w": 0.021, "suriname_w": 0.11, "parameters": {"similarity_min": [0.7567094035452243], "ses_noise": [0], "psr_param": [0.1808891406969066], "recover_param": [0.02058367108133185], "prestige_beta": [0.043794205647078324], "prestige_param": [0.5011353258535494], "stressor_param": [0.6930678535235922], "interactions": [2], "coping_noise": [0.059744932085066024], "repeats": [10], "population_size": [502], "chronic_threshold": [0.0001], "stress_max": [10000], "time": [500], "job_nr": [388], "vul_param": [0]}}