{"data_file": "clean", "save_folder": "pre-test\\", "status_type": "linear", "distance_measure": "euclidean", "scenario": "normal", "dutch_w": 0.664, "turkish_w": 0.075, "moroccan_w": 0.13, "ghanaian_w": 0.021, "suriname_w": 0.11, "parameters": {"similarity_min": [0.22021424513243254], "ses_noise": [2], "psr_param": [0.7005996213636172], "recover_param": [0.058221406880720576], "prestige_beta": [0.03804440714886715], "prestige_param": [0.23564082163083439], "stressor_param": [0.3816802552808566], "interactions": [1], "coping_noise": [0.06259987836876722], "repeats": [10], "population_size": [502], "chronic_threshold": [0.0001], "stress_max": [10000], "time": [500], "job_nr": [350], "vul_param": [0]}}