{"data_file": "clean", "save_folder": "pre-test\\", "status_type": "linear", "distance_measure": "euclidean", "scenario": "normal", "dutch_w": 0.664, "turkish_w": 0.075, "moroccan_w": 0.13, "ghanaian_w": 0.021, "suriname_w": 0.11, "parameters": {"similarity_min": [0.11770922555996742], "ses_noise": [0], "psr_param": [0.7208833063909632], "recover_param": [0.084364270900559], "prestige_beta": [0.03538715525627979], "prestige_param": [0.42796543186104297], "stressor_param": [0.7611579902896451], "interactions": [2], "coping_noise": [0.06504720808237126], "repeats": [10], "population_size": [502], "chronic_threshold": [0.0001], "stress_max": [10000], "time": [500], "job_nr": [165], "vul_param": [0]}}