{"data_file": "clean", "save_folder": "pre-test\\", "status_type": "linear", "distance_measure": "euclidean", "scenario": "normal", "dutch_w": 0.664, "turkish_w": 0.075, "moroccan_w": 0.13, "ghanaian_w": 0.021, "suriname_w": 0.11, "parameters": {"similarity_min": [0.4003253014211626], "ses_noise": [0.4156320602715008], "vul_param": [0.46106801499236727], "psr_param": [0.2524147143080711], "recover_param": [0.10913323481328777], "prestige_beta": [0.0038403004833384795], "prestige_param": [0.9044353542172335], "stressor_param": [0.4139153803297677], "interactions": [1], "coping_noise": [0.09195765146984815], "repeats": [200], "population_size": [502], "chronic_threshold": [0.0001], "stress_max": [100], "time": [500], "job_nr": [81]}}