{"data_file": "clean", "save_folder": "pre-test\\", "status_type": "linear", "distance_measure": "euclidean", "scenario": "normal", "dutch_w": 0.664, "turkish_w": 0.075, "moroccan_w": 0.13, "ghanaian_w": 0.021, "suriname_w": 0.11, "parameters": {"similarity_min": [0.3757315049840072], "ses_noise": [3], "psr_param": [0.7214320328290285], "recover_param": [0.06837446140793645], "prestige_beta": [0.025029270070212082], "prestige_param": [0.9783038590822103], "stressor_param": [0.5939227241411931], "interactions": [2], "coping_noise": [0.0850472114690041], "repeats": [10], "population_size": [502], "chronic_threshold": [0.0001], "stress_max": [10000], "time": [500], "job_nr": [113], "vul_param": [0]}}