{"data_file": "clean", "save_folder": "pre-test\\", "status_type": "linear", "distance_measure": "euclidean", "scenario": "normal", "dutch_w": 0.664, "turkish_w": 0.075, "moroccan_w": 0.13, "ghanaian_w": 0.021, "suriname_w": 0.11, "parameters": {"similarity_min": [0.6520623954716536], "ses_noise": [0], "psr_param": [0.9919662874593587], "recover_param": [0.028536343104745846], "prestige_beta": [0.04749714007179331], "prestige_param": [0.37847536781809876], "stressor_param": [0.7616319044923671], "interactions": [2], "coping_noise": [0.07812816980127431], "repeats": [10], "population_size": [502], "chronic_threshold": [0.0001], "stress_max": [10000], "time": [500], "job_nr": [194], "vul_param": [0]}}