{"data_file": "clean", "save_folder": "pre-test\\", "status_type": "linear", "distance_measure": "euclidean", "scenario": "normal", "dutch_w": 0.664, "turkish_w": 0.075, "moroccan_w": 0.13, "ghanaian_w": 0.021, "suriname_w": 0.11, "parameters": {"similarity_min": [0.9779461147111139], "ses_noise": [2], "psr_param": [0.17668262610652619], "recover_param": [0.08472901765222869], "prestige_beta": [0.01854870933808304], "prestige_param": [0.8817130030437775], "stressor_param": [0.4113803768625732], "interactions": [1], "coping_noise": [0.061271864271568166], "repeats": [10], "population_size": [502], "chronic_threshold": [0.0001], "stress_max": [10000], "time": [500], "job_nr": [406], "vul_param": [0]}}