{"data_file": "clean", "save_folder": "pre-test\\", "status_type": "linear", "distance_measure": "euclidean", "scenario": "normal", "dutch_w": 0.664, "turkish_w": 0.075, "moroccan_w": 0.13, "ghanaian_w": 0.021, "suriname_w": 0.11, "parameters": {"similarity_min": [0.6820556999907704], "ses_noise": [0], "psr_param": [0.5938819380140837], "recover_param": [0.08071465874451544], "prestige_beta": [0.02290678927848648], "prestige_param": [0.7495275988773094], "stressor_param": [0.6206021037961797], "interactions": [1], "coping_noise": [0.05144106904268994], "repeats": [10], "population_size": [502], "chronic_threshold": [0.0001], "stress_max": [10000], "time": [500], "job_nr": [431], "vul_param": [0]}}