{"data_file": "clean", "save_folder": "pre-test\\", "status_type": "linear", "distance_measure": "euclidean", "scenario": "normal", "dutch_w": 0.664, "turkish_w": 0.075, "moroccan_w": 0.13, "ghanaian_w": 0.021, "suriname_w": 0.11, "parameters": {"similarity_min": [0.3471978888331524], "ses_noise": [1], "psr_param": [0.9893452311789049], "recover_param": [0.07194755519879847], "prestige_beta": [0.027428892783376457], "prestige_param": [0.2655929470882843], "stressor_param": [0.8469776529241999], "interactions": [1], "coping_noise": [0.013256987021380565], "repeats": [10], "population_size": [502], "chronic_threshold": [0.0001], "stress_max": [10000], "time": [500], "job_nr": [154], "vul_param": [0]}}