{"data_file": "clean", "save_folder": "pre-test\\", "status_type": "linear", "distance_measure": "euclidean", "scenario": "normal", "dutch_w": 0.664, "turkish_w": 0.075, "moroccan_w": 0.13, "ghanaian_w": 0.021, "suriname_w": 0.11, "parameters": {"similarity_min": [0.8778014645510277], "ses_noise": [3], "psr_param": [0.6498792383824356], "recover_param": [0.04825240747754826], "prestige_beta": [0.01059838250620868], "prestige_param": [0.9579902710254669], "stressor_param": [0.22705336010632338], "interactions": [1], "coping_noise": [0.019638598430111277], "repeats": [10], "population_size": [502], "chronic_threshold": [0.0001], "stress_max": [10000], "time": [500], "job_nr": [98], "vul_param": [0]}}