{"data_file": "clean", "save_folder": "pre-test\\", "status_type": "linear", "distance_measure": "euclidean", "scenario": "normal", "dutch_w": 0.664, "turkish_w": 0.075, "moroccan_w": 0.13, "ghanaian_w": 0.021, "suriname_w": 0.11, "parameters": {"similarity_min": [0.2845404241331773], "ses_noise": [0.318645972636346], "vul_param": [0.1955367410468017], "psr_param": [0.3004452240284769], "recover_param": [0.173816211044318], "prestige_beta": [0.0013368700421167396], "prestige_param": [0.5563232821056097], "stressor_param": [0.6949249378560904], "interactions": [2], "coping_noise": [0.012657720887020718], "repeats": [200], "population_size": [502], "chronic_threshold": [0.0001], "stress_max": [100], "time": [500], "job_nr": [84]}}