{"data_file": "clean", "save_folder": "pre-test\\", "status_type": "linear", "distance_measure": "euclidean", "scenario": "normal", "dutch_w": 0.664, "turkish_w": 0.075, "moroccan_w": 0.13, "ghanaian_w": 0.021, "suriname_w": 0.11, "parameters": {"similarity_min": [0.5946509327164611], "ses_noise": [3], "psr_param": [0.8571312002002537], "recover_param": [0.03515876457746425], "prestige_beta": [0.025215995519781726], "prestige_param": [0.40214540906033946], "stressor_param": [0.3692126418012047], "interactions": [2], "coping_noise": [0.05971871849940718], "repeats": [10], "population_size": [502], "chronic_threshold": [0.0001], "stress_max": [10000], "time": [500], "job_nr": [446], "vul_param": [0]}}