{"data_file": "clean", "save_folder": "pre-test\\", "status_type": "linear", "distance_measure": "euclidean", "scenario": "normal", "dutch_w": 0.664, "turkish_w": 0.075, "moroccan_w": 0.13, "ghanaian_w": 0.021, "suriname_w": 0.11, "parameters": {"similarity_min": [0.7699033865410508], "ses_noise": [2], "psr_param": [0.17853218857434014], "recover_param": [0.0944523869649127], "prestige_beta": [0.02091727387156464], "prestige_param": [0.8000047571140326], "stressor_param": [0.11976770760834532], "interactions": [1], "coping_noise": [0.05602283824144302], "repeats": [10], "population_size": [502], "chronic_threshold": [0.0001], "stress_max": [10000], "time": [500], "job_nr": [276], "vul_param": [0]}}