{"data_file": "clean", "save_folder": "pre-test\\", "status_type": "linear", "distance_measure": "euclidean", "scenario": "normal", "dutch_w": 0.664, "turkish_w": 0.075, "moroccan_w": 0.13, "ghanaian_w": 0.021, "suriname_w": 0.11, "parameters": {"similarity_min": [0.1915654332962709], "ses_noise": [2], "psr_param": [0.48303313022862715], "recover_param": [0.0014310789222260164], "prestige_beta": [0.04246251495076382], "prestige_param": [0.1388359012043177], "stressor_param": [0.7916572562742252], "interactions": [1], "coping_noise": [0.08880713032501913], "repeats": [10], "population_size": [502], "chronic_threshold": [0.0001], "stress_max": [10000], "time": [500], "job_nr": [364], "vul_param": [0]}}