{"data_file": "clean", "save_folder": "pre-test\\", "status_type": "linear", "distance_measure": "euclidean", "scenario": "normal", "dutch_w": 0.664, "turkish_w": 0.075, "moroccan_w": 0.13, "ghanaian_w": 0.021, "suriname_w": 0.11, "parameters": {"similarity_min": [0.02308132049024808], "ses_noise": [2.8916566460327724], "vul_param": [0.7319323608024855], "psr_param": [0.4799396651153125], "recover_param": [0.11017323218225133], "prestige_beta": [0.004440891692737122], "prestige_param": [0.33269528660420666], "stressor_param": [0.6679330853768173], "interactions": [2], "coping_noise": [0.07338159991820081], "repeats": [200], "population_size": [502], "chronic_threshold": [0.0001], "stress_max": [100], "time": [500], "job_nr": [96]}}