{"data_file": "clean", "save_folder": "pre-test\\", "status_type": "linear", "distance_measure": "euclidean", "scenario": "normal", "dutch_w": 0.664, "turkish_w": 0.075, "moroccan_w": 0.13, "ghanaian_w": 0.021, "suriname_w": 0.11, "parameters": {"similarity_min": [0.770992482255656], "ses_noise": [3], "psr_param": [0.3423406651118175], "recover_param": [0.06088363972098658], "prestige_beta": [0.038020892314945855], "prestige_param": [0.9678345101592543], "stressor_param": [0.3766904478961478], "interactions": [1], "coping_noise": [0.06653028854726395], "repeats": [10], "population_size": [502], "chronic_threshold": [0.0001], "stress_max": [10000], "time": [500], "job_nr": [247], "vul_param": [0]}}