{"data_file": "clean", "save_folder": "pre-test\\", "status_type": "linear", "distance_measure": "euclidean", "scenario": "normal", "dutch_w": 0.664, "turkish_w": 0.075, "moroccan_w": 0.13, "ghanaian_w": 0.021, "suriname_w": 0.11, "parameters": {"similarity_min": [0.2601718869032302], "ses_noise": [2.8600028809318023], "vul_param": [0.8083212819687711], "psr_param": [0.9265329824941252], "recover_param": [0.19665414671829842], "prestige_beta": [0.0008893601696422636], "prestige_param": [0.4990013097064711], "stressor_param": [0.8148865277238221], "interactions": [1], "coping_noise": [0.07969954375575193], "repeats": [200], "population_size": [502], "chronic_threshold": [0.0001], "stress_max": [100], "time": [500], "job_nr": [6]}}