{"data_file": "clean", "save_folder": "pre-test\\", "status_type": "linear", "distance_measure": "euclidean", "scenario": "normal", "dutch_w": 0.664, "turkish_w": 0.075, "moroccan_w": 0.13, "ghanaian_w": 0.021, "suriname_w": 0.11, "parameters": {"similarity_min": [0.33254963705837803], "ses_noise": [1], "psr_param": [0.8486186230933984], "recover_param": [0.05834430675320298], "prestige_beta": [0.03780591937460565], "prestige_param": [0.14486140834460337], "stressor_param": [0.9750666254977814], "interactions": [2], "coping_noise": [0.06642450304855126], "repeats": [10], "population_size": [502], "chronic_threshold": [0.0001], "stress_max": [10000], "time": [500], "job_nr": [485], "vul_param": [0]}}