{"data_file": "clean", "save_folder": "pre-test\\", "status_type": "linear", "distance_measure": "euclidean", "scenario": "normal", "dutch_w": 0.664, "turkish_w": 0.075, "moroccan_w": 0.13, "ghanaian_w": 0.021, "suriname_w": 0.11, "parameters": {"similarity_min": [0.12053094399867614], "ses_noise": [1], "psr_param": [0.5118280003120225], "recover_param": [0.06582945128779287], "prestige_beta": [0.009120360491071646], "prestige_param": [0.9165942847192207], "stressor_param": [0.9375358304833249], "interactions": [2], "coping_noise": [0.0994079649722872], "repeats": [10], "population_size": [502], "chronic_threshold": [0.0001], "stress_max": [10000], "time": [500], "job_nr": [102], "vul_param": [0]}}