{"data_file": "clean", "save_folder": "pre-test\\", "status_type": "linear", "distance_measure": "euclidean", "scenario": "normal", "dutch_w": 0.664, "turkish_w": 0.075, "moroccan_w": 0.13, "ghanaian_w": 0.021, "suriname_w": 0.11, "parameters": {"similarity_min": [0.4805649918201318], "ses_noise": [2], "psr_param": [0.305011223896998], "recover_param": [0.07486688235388772], "prestige_beta": [0.018551994816320604], "prestige_param": [0.7210401445806258], "stressor_param": [0.8206159144261969], "interactions": [2], "coping_noise": [0.09410203151898991], "repeats": [10], "population_size": [502], "chronic_threshold": [0.0001], "stress_max": [10000], "time": [500], "job_nr": [432], "vul_param": [0]}}