{"data_file": "clean", "save_folder": "pre-test\\", "status_type": "linear", "distance_measure": "euclidean", "scenario": "normal", "dutch_w": 0.664, "turkish_w": 0.075, "moroccan_w": 0.13, "ghanaian_w": 0.021, "suriname_w": 0.11, "parameters": {"similarity_min": [0.20967419060537357], "ses_noise": [2.0179270762640806], "vul_param": [0.881459198843587], "psr_param": [0.7001473562145838], "recover_param": [0.1376575949914663], "prestige_beta": [0.003109618853783747], "prestige_param": [0.13664517120840025], "stressor_param": [0.9059280386703794], "interactions": [1], "coping_noise": [0.015717092441742204], "repeats": [200], "population_size": [502], "chronic_threshold": [0.0001], "stress_max": [100], "time": [500], "job_nr": [14]}}