{"data_file": "clean", "save_folder": "pre-test\\", "status_type": "linear", "distance_measure": "euclidean", "scenario": "normal", "dutch_w": 0.664, "turkish_w": 0.075, "moroccan_w": 0.13, "ghanaian_w": 0.021, "suriname_w": 0.11, "parameters": {"similarity_min": [0.6000698444471357], "ses_noise": [1], "psr_param": [0.5750862602913048], "recover_param": [0.07056413967320002], "prestige_beta": [0.015460320063610079], "prestige_param": [0.9288202845180624], "stressor_param": [0.348895044641248], "interactions": [2], "coping_noise": [0.012886333258406584], "repeats": [10], "population_size": [502], "chronic_threshold": [0.0001], "stress_max": [10000], "time": [500], "job_nr": [469], "vul_param": [0]}}