{"data_file": "clean", "save_folder": "pre-test\\", "status_type": "linear", "distance_measure": "euclidean", "scenario": "normal", "dutch_w": 0.664, "turkish_w": 0.075, "moroccan_w": 0.13, "ghanaian_w": 0.021, "suriname_w": 0.11, "parameters": {"similarity_min": [0.4382551964853314], "ses_noise": [3], "psr_param": [0.5725777895650264], "recover_param": [0.03389916689447345], "prestige_beta": [0.005019881398072992], "prestige_param": [0.6061759228202235], "stressor_param": [0.44461075621119905], "interactions": [1], "coping_noise": [0.04318190139806024], "repeats": [10], "population_size": [502], "chronic_threshold": [0.0001], "stress_max": [10000], "time": [500], "job_nr": [427], "vul_param": [0]}}