{"data_file": "clean", "save_folder": "pre-test\\", "status_type": "linear", "distance_measure": "euclidean", "scenario": "normal", "dutch_w": 0.664, "turkish_w": 0.075, "moroccan_w": 0.13, "ghanaian_w": 0.021, "suriname_w": 0.11, "parameters": {"similarity_min": [0.11937929748621433], "ses_noise": [2], "psr_param": [0.10750462921211681], "recover_param": [0.08133673719240456], "prestige_beta": [0.015768716925839685], "prestige_param": [0.9663734446472032], "stressor_param": [0.4569782031797093], "interactions": [2], "coping_noise": [0.047234014062372376], "repeats": [10], "population_size": [502], "chronic_threshold": [0.0001], "stress_max": [10000], "time": [500], "job_nr": [359], "vul_param": [0]}}