{"data_file": "clean", "save_folder": "pre-test\\", "status_type": "linear", "distance_measure": "euclidean", "scenario": "normal", "dutch_w": 0.664, "turkish_w": 0.075, "moroccan_w": 0.13, "ghanaian_w": 0.021, "suriname_w": 0.11, "parameters": {"similarity_min": [0.4848381265775511], "ses_noise": [3], "psr_param": [0.7277590099934791], "recover_param": [0.09302435132728443], "prestige_beta": [0.046042217809526324], "prestige_param": [0.8369474726669306], "stressor_param": [0.6575505544751087], "interactions": [1], "coping_noise": [0.09008908014216345], "repeats": [10], "population_size": [502], "chronic_threshold": [0.0001], "stress_max": [10000], "time": [500], "job_nr": [239], "vul_param": [0]}}