{"data_file": "clean", "save_folder": "pre-test\\", "status_type": "linear", "distance_measure": "euclidean", "scenario": "normal", "dutch_w": 0.664, "turkish_w": 0.075, "moroccan_w": 0.13, "ghanaian_w": 0.021, "suriname_w": 0.11, "parameters": {"similarity_min": [0.990223716705045], "ses_noise": [3], "psr_param": [0.814372079550698], "recover_param": [0.002232491368906488], "prestige_beta": [0.012104922107731723], "prestige_param": [0.7806418245173663], "stressor_param": [0.8629893244483993], "interactions": [1], "coping_noise": [0.03801555960442684], "repeats": [10], "population_size": [502], "chronic_threshold": [0.0001], "stress_max": [10000], "time": [500], "job_nr": [493], "vul_param": [0]}}