{"data_file": "clean", "save_folder": "pre-test\\", "status_type": "linear", "distance_measure": "euclidean", "scenario": "normal", "dutch_w": 0.664, "turkish_w": 0.075, "moroccan_w": 0.13, "ghanaian_w": 0.021, "suriname_w": 0.11, "parameters": {"similarity_min": [0.08274363303692678], "ses_noise": [1.897272683341635], "vul_param": [0.39024809727650367], "psr_param": [0.9047874094683058], "recover_param": [0.16541627300396172], "prestige_beta": [0.004476134101865009], "prestige_param": [0.8504426228800103], "stressor_param": [0.417308116066782], "interactions": [2], "coping_noise": [0.07999091369968513], "repeats": [200], "population_size": [502], "chronic_threshold": [0.0001], "stress_max": [100], "time": [500], "job_nr": [16]}}