{"data_file": "clean", "save_folder": "pre-test\\", "status_type": "linear", "distance_measure": "euclidean", "scenario": "normal", "dutch_w": 0.664, "turkish_w": 0.075, "moroccan_w": 0.13, "ghanaian_w": 0.021, "suriname_w": 0.11, "parameters": {"similarity_min": [0.9962869416170281], "ses_noise": [1], "psr_param": [0.5561047923578432], "recover_param": [0.07140588213377683], "prestige_beta": [0.021953541410005748], "prestige_param": [0.8250808921480527], "stressor_param": [0.7564462191296812], "interactions": [1], "coping_noise": [0.022714839039084493], "repeats": [10], "population_size": [502], "chronic_threshold": [0.0001], "stress_max": [10000], "time": [500], "job_nr": [363], "vul_param": [0]}}