{"data_file": "clean", "save_folder": "pre-test\\", "status_type": "linear", "distance_measure": "euclidean", "scenario": "normal", "dutch_w": 0.664, "turkish_w": 0.075, "moroccan_w": 0.13, "ghanaian_w": 0.021, "suriname_w": 0.11, "parameters": {"similarity_min": [0.14801494287682512], "ses_noise": [2], "psr_param": [0.7136949871174574], "recover_param": [0.003789788595642089], "prestige_beta": [0.032124862216076744], "prestige_param": [0.2606233406307066], "stressor_param": [0.5176752340531078], "interactions": [2], "coping_noise": [0.09435506619078753], "repeats": [10], "population_size": [502], "chronic_threshold": [0.0001], "stress_max": [10000], "time": [500], "job_nr": [315], "vul_param": [0]}}