{"data_file": "clean", "save_folder": "pre-test\\", "status_type": "linear", "distance_measure": "euclidean", "scenario": "normal", "dutch_w": 0.664, "turkish_w": 0.075, "moroccan_w": 0.13, "ghanaian_w": 0.021, "suriname_w": 0.11, "parameters": {"similarity_min": [0.14097550120736996], "ses_noise": [0], "psr_param": [0.9398757721045755], "recover_param": [0.097841542127496], "prestige_beta": [0.0350277310054187], "prestige_param": [0.44151740696999064], "stressor_param": [0.11880925185516815], "interactions": [2], "coping_noise": [0.023858464786844155], "repeats": [10], "population_size": [502], "chronic_threshold": [0.0001], "stress_max": [10000], "time": [500], "job_nr": [356], "vul_param": [0]}}