{"data_file": "clean", "save_folder": "pre-test\\", "status_type": "linear", "distance_measure": "euclidean", "scenario": "normal", "dutch_w": 0.664, "turkish_w": 0.075, "moroccan_w": 0.13, "ghanaian_w": 0.021, "suriname_w": 0.11, "parameters": {"similarity_min": [0.35314738232332155], "ses_noise": [0], "psr_param": [0.5149303684589532], "recover_param": [0.04663273031515987], "prestige_beta": [0.04769745490488749], "prestige_param": [0.7497509661764292], "stressor_param": [0.5524087960014147], "interactions": [2], "coping_noise": [0.020910533818276664], "repeats": [10], "population_size": [502], "chronic_threshold": [0.0001], "stress_max": [10000], "time": [500], "job_nr": [118], "vul_param": [0]}}