{"data_file": "clean", "save_folder": "pre-test\\", "status_type": "linear", "distance_measure": "euclidean", "scenario": "normal", "dutch_w": 0.664, "turkish_w": 0.075, "moroccan_w": 0.13, "ghanaian_w": 0.021, "suriname_w": 0.11, "parameters": {"similarity_min": [0.2841369474789957], "ses_noise": [2.5065226186648832], "vul_param": [0.11739600761196732], "psr_param": [0.48454254008591047], "recover_param": [0.12419007777106555], "prestige_beta": [0.003207346746843316], "prestige_param": [0.6463729652723871], "stressor_param": [0.8214807469307123], "interactions": [1], "coping_noise": [0.024381733424237564], "repeats": [200], "population_size": [502], "chronic_threshold": [0.0001], "stress_max": [100], "time": [500], "job_nr": [68]}}