{"data_file": "clean", "save_folder": "pre-test\\", "status_type": "linear", "distance_measure": "euclidean", "scenario": "normal", "dutch_w": 0.664, "turkish_w": 0.075, "moroccan_w": 0.13, "ghanaian_w": 0.021, "suriname_w": 0.11, "parameters": {"similarity_min": [0.6435401003233854], "ses_noise": [2], "psr_param": [0.33249071605168434], "recover_param": [0.0032319933040907], "prestige_beta": [0.011452081424020684], "prestige_param": [0.26654724468380775], "stressor_param": [0.434661481882026], "interactions": [2], "coping_noise": [0.03536055019348565], "repeats": [10], "population_size": [502], "chronic_threshold": [0.0001], "stress_max": [10000], "time": [500], "job_nr": [189], "vul_param": [0]}}