{"data_file": "clean", "save_folder": "pre-test\\", "status_type": "linear", "distance_measure": "euclidean", "scenario": "normal", "dutch_w": 0.664, "turkish_w": 0.075, "moroccan_w": 0.13, "ghanaian_w": 0.021, "suriname_w": 0.11, "parameters": {"similarity_min": [0.7279495856471995], "ses_noise": [2], "psr_param": [0.5054986392115859], "recover_param": [0.009253926631566975], "prestige_beta": [0.03654278951612738], "prestige_param": [0.31219357734906616], "stressor_param": [0.9676565855498558], "interactions": [1], "coping_noise": [0.09547044237777073], "repeats": [10], "population_size": [502], "chronic_threshold": [0.0001], "stress_max": [10000], "time": [500], "job_nr": [473], "vul_param": [0]}}