{"data_file": "clean", "save_folder": "pre-test\\", "status_type": "linear", "distance_measure": "euclidean", "scenario": "normal", "dutch_w": 0.664, "turkish_w": 0.075, "moroccan_w": 0.13, "ghanaian_w": 0.021, "suriname_w": 0.11, "parameters": {"similarity_min": [0.0308993719724438], "ses_noise": [1.0189301701547289], "vul_param": [0.1566005834261514], "psr_param": [0.21814252551341418], "recover_param": [0.10217406068576347], "prestige_beta": [0.004269286462893526], "prestige_param": [0.27846963661560636], "stressor_param": [0.5780322809455475], "interactions": [2], "coping_noise": [0.03817455753537621], "repeats": [200], "population_size": [502], "chronic_threshold": [0.0001], "stress_max": [100], "time": [500], "job_nr": [67]}}