{"data_file": "clean", "save_folder": "pre-test\\", "status_type": "linear", "distance_measure": "euclidean", "scenario": "normal", "dutch_w": 0.664, "turkish_w": 0.075, "moroccan_w": 0.13, "ghanaian_w": 0.021, "suriname_w": 0.11, "parameters": {"similarity_min": [0.44076669179825956], "ses_noise": [2], "psr_param": [0.598020497543223], "recover_param": [0.025319625680621228], "prestige_beta": [0.019806736244614764], "prestige_param": [0.9442830707025779], "stressor_param": [0.8732945859928988], "interactions": [1], "coping_noise": [0.050555960453114404], "repeats": [10], "population_size": [502], "chronic_threshold": [0.0001], "stress_max": [10000], "time": [500], "job_nr": [244], "vul_param": [0]}}