{"data_file": "clean", "save_folder": "pre-test\\", "status_type": "linear", "distance_measure": "euclidean", "scenario": "normal", "dutch_w": 0.664, "turkish_w": 0.075, "moroccan_w": 0.13, "ghanaian_w": 0.021, "suriname_w": 0.11, "parameters": {"similarity_min": [0.27787024952289435], "ses_noise": [2], "psr_param": [0.3371355654835075], "recover_param": [0.08645060930313214], "prestige_beta": [0.036969479714157455], "prestige_param": [0.8343317624118529], "stressor_param": [0.3444451582852346], "interactions": [2], "coping_noise": [0.016447059552417778], "repeats": [10], "population_size": [502], "chronic_threshold": [0.0001], "stress_max": [10000], "time": [500], "job_nr": [109], "vul_param": [0]}}