{"data_file": "clean", "save_folder": "pre-test\\", "status_type": "linear", "distance_measure": "euclidean", "scenario": "normal", "dutch_w": 0.664, "turkish_w": 0.075, "moroccan_w": 0.13, "ghanaian_w": 0.021, "suriname_w": 0.11, "parameters": {"similarity_min": [0.4038381137741617], "ses_noise": [1.6458418887913182], "vul_param": [0.7357286567513734], "psr_param": [0.6196431867055807], "recover_param": [0.143236833464434], "prestige_beta": [0.0006140728744716856], "prestige_param": [0.5926257247476977], "stressor_param": [0.27344173994025556], "interactions": [1], "coping_noise": [0.050361343302277276], "repeats": [200], "population_size": [502], "chronic_threshold": [0.0001], "stress_max": [100], "time": [500], "job_nr": [76]}}