{"data_file": "clean", "save_folder": "pre-test\\", "status_type": "linear", "distance_measure": "euclidean", "scenario": "normal", "dutch_w": 0.664, "turkish_w": 0.075, "moroccan_w": 0.13, "ghanaian_w": 0.021, "suriname_w": 0.11, "parameters": {"similarity_min": [0.198872689924748], "ses_noise": [0.6513072056526168], "vul_param": [0.7611215561679945], "psr_param": [0.24856532414303117], "recover_param": [0.13510512866493438], "prestige_beta": [0.000777624002652104], "prestige_param": [0.6684698784712864], "stressor_param": [0.7621199216498272], "interactions": [2], "coping_noise": [0.06367148568784994], "repeats": [200], "population_size": [502], "chronic_threshold": [0.0001], "stress_max": [100], "time": [500], "job_nr": [30]}}