{"data_file": "clean", "save_folder": "pre-test\\", "status_type": "linear", "distance_measure": "euclidean", "scenario": "normal", "dutch_w": 0.664, "turkish_w": 0.075, "moroccan_w": 0.13, "ghanaian_w": 0.021, "suriname_w": 0.11, "parameters": {"similarity_min": [0.41367236052150347], "ses_noise": [1], "psr_param": [0.7199682778000329], "recover_param": [0.01575468426908903], "prestige_beta": [0.04792333684603773], "prestige_param": [0.3968258870208705], "stressor_param": [0.5676335542122458], "interactions": [2], "coping_noise": [0.09066571123058566], "repeats": [10], "population_size": [502], "chronic_threshold": [0.0001], "stress_max": [10000], "time": [500], "job_nr": [495], "vul_param": [0]}}