{"data_file": "clean", "save_folder": "pre-test\\", "status_type": "linear", "distance_measure": "euclidean", "scenario": "normal", "dutch_w": 0.664, "turkish_w": 0.075, "moroccan_w": 0.13, "ghanaian_w": 0.021, "suriname_w": 0.11, "parameters": {"similarity_min": [0.3871446054949061], "ses_noise": [1.641971580413265], "vul_param": [0.12431791615469895], "psr_param": [0.8392289754439032], "recover_param": [0.14620144746760286], "prestige_beta": [0.004806227595486701], "prestige_param": [0.10223460146111008], "stressor_param": [0.6445836509627378], "interactions": [1], "coping_noise": [0.0287674570502061], "repeats": [200], "population_size": [502], "chronic_threshold": [0.0001], "stress_max": [100], "time": [500], "job_nr": [75]}}