{"data_file": "clean", "save_folder": "pre-test\\", "status_type": "linear", "distance_measure": "euclidean", "scenario": "normal", "dutch_w": 0.664, "turkish_w": 0.075, "moroccan_w": 0.13, "ghanaian_w": 0.021, "suriname_w": 0.11, "parameters": {"similarity_min": [0.5983939930627847], "ses_noise": [1], "psr_param": [0.8277640967508169], "recover_param": [0.05064948227116748], "prestige_beta": [0.04616840869544609], "prestige_param": [0.48916060329232036], "stressor_param": [0.9885393871959388], "interactions": [1], "coping_noise": [0.09186008650968014], "repeats": [10], "population_size": [502], "chronic_threshold": [0.0001], "stress_max": [10000], "time": [500], "job_nr": [10], "vul_param": [0]}}