{"data_file": "clean", "save_folder": "pre-test\\", "status_type": "linear", "distance_measure": "euclidean", "scenario": "normal", "dutch_w": 0.664, "turkish_w": 0.075, "moroccan_w": 0.13, "ghanaian_w": 0.021, "suriname_w": 0.11, "parameters": {"similarity_min": [0.6520877755719626], "ses_noise": [1], "psr_param": [0.3975549743701704], "recover_param": [0.00666666676726698], "prestige_beta": [0.013625108854364978], "prestige_param": [0.31597783511651967], "stressor_param": [0.12707807276366814], "interactions": [1], "coping_noise": [0.015054810905063285], "repeats": [10], "population_size": [502], "chronic_threshold": [0.0001], "stress_max": [10000], "time": [500], "job_nr": [453], "vul_param": [0]}}