{"data_file": "clean", "save_folder": "pre-test\\", "status_type": "linear", "distance_measure": "euclidean", "scenario": "normal", "dutch_w": 0.664, "turkish_w": 0.075, "moroccan_w": 0.13, "ghanaian_w": 0.021, "suriname_w": 0.11, "parameters": {"similarity_min": [0.2949104651461899], "ses_noise": [1.9552279947070308], "vul_param": [0.4925707721094529], "psr_param": [0.6845460895994989], "recover_param": [0.11519012494516108], "prestige_beta": [0.0016359194185117537], "prestige_param": [0.3975109098328536], "stressor_param": [0.4583650007363753], "interactions": [2], "coping_noise": [0.01304833450646872], "repeats": [200], "population_size": [502], "chronic_threshold": [0.0001], "stress_max": [100], "time": [500], "job_nr": [38]}}