{"data_file": "clean", "save_folder": "pre-test\\", "status_type": "linear", "distance_measure": "euclidean", "scenario": "normal", "dutch_w": 0.664, "turkish_w": 0.075, "moroccan_w": 0.13, "ghanaian_w": 0.021, "suriname_w": 0.11, "parameters": {"similarity_min": [0.20725883209764162], "ses_noise": [1.5754399943231623], "vul_param": [0.9960917599772792], "psr_param": [0.20738954591884612], "recover_param": [0.10481832524879992], "prestige_beta": [0.0012942840203024632], "prestige_param": [0.5836879065756886], "stressor_param": [0.8960162931113447], "interactions": [2], "coping_noise": [0.06030994492675216], "repeats": [200], "population_size": [502], "chronic_threshold": [0.0001], "stress_max": [100], "time": [500], "job_nr": [59]}}