{"data_file": "clean", "save_folder": "pre-test\\", "status_type": "linear", "distance_measure": "euclidean", "scenario": "normal", "dutch_w": 0.664, "turkish_w": 0.075, "moroccan_w": 0.13, "ghanaian_w": 0.021, "suriname_w": 0.11, "parameters": {"similarity_min": [0.9806947573335381], "ses_noise": [1], "psr_param": [0.5124397771825835], "recover_param": [0.07947589698158121], "prestige_beta": [0.011292609244068254], "prestige_param": [0.4670146818276696], "stressor_param": [0.9535615782678453], "interactions": [1], "coping_noise": [0.08151685962576152], "repeats": [10], "population_size": [502], "chronic_threshold": [0.0001], "stress_max": [10000], "time": [500], "job_nr": [259], "vul_param": [0]}}