{"data_file": "clean", "save_folder": "pre-test\\", "status_type": "linear", "distance_measure": "euclidean", "scenario": "normal", "dutch_w": 0.664, "turkish_w": 0.075, "moroccan_w": 0.13, "ghanaian_w": 0.021, "suriname_w": 0.11, "parameters": {"similarity_min": [0.07576310694778554], "ses_noise": [1.824396695706127], "vul_param": [0.7235476304696397], "psr_param": [0.17416117647539733], "recover_param": [0.1279717743960452], "prestige_beta": [0.001479215384501241], "prestige_param": [0.9906709696547531], "stressor_param": [0.22485982099981738], "interactions": [2], "coping_noise": [0.09239292055359744], "repeats": [200], "population_size": [502], "chronic_threshold": [0.0001], "stress_max": [100], "time": [500], "job_nr": [97]}}