{"data_file": "clean", "save_folder": "pre-test\\", "status_type": "linear", "distance_measure": "euclidean", "scenario": "normal", "dutch_w": 0.664, "turkish_w": 0.075, "moroccan_w": 0.13, "ghanaian_w": 0.021, "suriname_w": 0.11, "parameters": {"similarity_min": [0.18670553804347756], "ses_noise": [2.0910325504492215], "vul_param": [0.9564939903588802], "psr_param": [0.9321196409114509], "recover_param": [0.17931683379903446], "prestige_beta": [0.004199293611933452], "prestige_param": [0.6403518118995857], "stressor_param": [0.5671826847545112], "interactions": [2], "coping_noise": [0.04282571912482683], "repeats": [200], "population_size": [502], "chronic_threshold": [0.0001], "stress_max": [100], "time": [500], "job_nr": [93]}}