{"data_file": "clean", "save_folder": "pre-test\\", "status_type": "linear", "distance_measure": "euclidean", "scenario": "normal", "dutch_w": 0.664, "turkish_w": 0.075, "moroccan_w": 0.13, "ghanaian_w": 0.021, "suriname_w": 0.11, "parameters": {"similarity_min": [0.8822390428321609], "ses_noise": [2], "psr_param": [0.2550841644477756], "recover_param": [0.07625753428614514], "prestige_beta": [0.021539777991951815], "prestige_param": [0.7702542833571244], "stressor_param": [0.7353227763477502], "interactions": [1], "coping_noise": [0.014125223804908233], "repeats": [10], "population_size": [502], "chronic_threshold": [0.0001], "stress_max": [10000], "time": [500], "job_nr": [18], "vul_param": [0]}}