{"data_file": "clean", "save_folder": "pre-test\\", "status_type": "linear", "distance_measure": "euclidean", "scenario": "normal", "dutch_w": 0.664, "turkish_w": 0.075, "moroccan_w": 0.13, "ghanaian_w": 0.021, "suriname_w": 0.11, "parameters": {"similarity_min": [0.17306434570487206], "ses_noise": [3], "psr_param": [0.5878463215674672], "recover_param": [0.010413695173571273], "prestige_beta": [0.042477185232441546], "prestige_param": [0.80167203910064], "stressor_param": [0.5694223060281502], "interactions": [1], "coping_noise": [0.07072978592695485], "repeats": [10], "population_size": [502], "chronic_threshold": [0.0001], "stress_max": [10000], "time": [500], "job_nr": [304], "vul_param": [0]}}