{"data_file": "clean", "save_folder": "pre-test\\", "status_type": "linear", "distance_measure": "euclidean", "scenario": "normal", "dutch_w": 0.664, "turkish_w": 0.075, "moroccan_w": 0.13, "ghanaian_w": 0.021, "suriname_w": 0.11, "parameters": {"similarity_min": [0.5468855361065009], "ses_noise": [2], "psr_param": [0.7863073618553884], "recover_param": [0.06859607604743642], "prestige_beta": [0.019957388614506775], "prestige_param": [0.7037548077608117], "stressor_param": [0.3204388866460237], "interactions": [1], "coping_noise": [0.020994392793516316], "repeats": [10], "population_size": [502], "chronic_threshold": [0.0001], "stress_max": [10000], "time": [500], "job_nr": [484], "vul_param": [0]}}