{"data_file": "clean", "save_folder": "pre-test\\", "status_type": "linear", "distance_measure": "euclidean", "scenario": "normal", "dutch_w": 0.664, "turkish_w": 0.075, "moroccan_w": 0.13, "ghanaian_w": 0.021, "suriname_w": 0.11, "parameters": {"similarity_min": [0.2138213168341115], "ses_noise": [1], "psr_param": [0.8802117453454802], "recover_param": [0.08640394174691828], "prestige_beta": [0.044355743419923474], "prestige_param": [0.7792151828444719], "stressor_param": [0.4664109075957473], "interactions": [2], "coping_noise": [0.02080935459330449], "repeats": [10], "population_size": [502], "chronic_threshold": [0.0001], "stress_max": [10000], "time": [500], "job_nr": [396], "vul_param": [0]}}