{"data_file": "clean", "save_folder": "pre-test\\", "status_type": "linear", "distance_measure": "euclidean", "scenario": "normal", "dutch_w": 0.664, "turkish_w": 0.075, "moroccan_w": 0.13, "ghanaian_w": 0.021, "suriname_w": 0.11, "parameters": {"similarity_min": [0.28307823225214296], "ses_noise": [1], "psr_param": [0.6212346834276983], "recover_param": [0.05028333132757564], "prestige_beta": [0.03652027230399965], "prestige_param": [0.6297688199013424], "stressor_param": [0.44777577958605874], "interactions": [1], "coping_noise": [0.09026270622509315], "repeats": [10], "population_size": [502], "chronic_threshold": [0.0001], "stress_max": [10000], "time": [500], "job_nr": [462], "vul_param": [0]}}