{"data_file": "clean", "save_folder": "pre-test\\", "status_type": "linear", "distance_measure": "euclidean", "scenario": "normal", "dutch_w": 0.664, "turkish_w": 0.075, "moroccan_w": 0.13, "ghanaian_w": 0.021, "suriname_w": 0.11, "parameters": {"similarity_min": [0.6796024063252423], "ses_noise": [3], "psr_param": [0.26200250429947103], "recover_param": [0.010997455188357617], "prestige_beta": [0.022664790225175077], "prestige_param": [0.6709861797997771], "stressor_param": [0.9230643907784619], "interactions": [2], "coping_noise": [0.09003935808905128], "repeats": [10], "population_size": [502], "chronic_threshold": [0.0001], "stress_max": [10000], "time": [500], "job_nr": [218], "vul_param": [0]}}