{"data_file": "clean", "save_folder": "pre-test\\", "status_type": "linear", "distance_measure": "euclidean", "scenario": "normal", "dutch_w": 0.664, "turkish_w": 0.075, "moroccan_w": 0.13, "ghanaian_w": 0.021, "suriname_w": 0.11, "parameters": {"similarity_min": [0.4695126668482006], "ses_noise": [3], "psr_param": [0.7411155816809292], "recover_param": [0.09739752937485664], "prestige_beta": [0.010713978969946041], "prestige_param": [0.8166982909750125], "stressor_param": [0.4790755000280583], "interactions": [2], "coping_noise": [0.030453992320434692], "repeats": [10], "population_size": [502], "chronic_threshold": [0.0001], "stress_max": [10000], "time": [500], "job_nr": [70], "vul_param": [0]}}