{"data_file": "clean", "save_folder": "pre-test\\", "status_type": "linear", "distance_measure": "euclidean", "scenario": "normal", "dutch_w": 0.664, "turkish_w": 0.075, "moroccan_w": 0.13, "ghanaian_w": 0.021, "suriname_w": 0.11, "parameters": {"similarity_min": [0.09995250975692238], "ses_noise": [1.0742115873564893], "vul_param": [0.6325348742559502], "psr_param": [0.689115438114994], "recover_param": [0.16600339435832906], "prestige_beta": [0.0022649710339858286], "prestige_param": [0.5424441796998656], "stressor_param": [0.5279398189196629], "interactions": [2], "coping_noise": [0.08362489682120859], "repeats": [200], "population_size": [502], "chronic_threshold": [0.0001], "stress_max": [100], "time": [500], "job_nr": [82]}}