{"data_file": "clean", "save_folder": "pre-test\\", "status_type": "linear", "distance_measure": "euclidean", "scenario": "normal", "dutch_w": 0.664, "turkish_w": 0.075, "moroccan_w": 0.13, "ghanaian_w": 0.021, "suriname_w": 0.11, "parameters": {"similarity_min": [0.10016650625886682], "ses_noise": [3], "psr_param": [0.40885353248018386], "recover_param": [0.0356949194137971], "prestige_beta": [0.04702946893558916], "prestige_param": [0.22985865913835332], "stressor_param": [0.8819432646572127], "interactions": [2], "coping_noise": [0.09381741799705452], "repeats": [10], "population_size": [502], "chronic_threshold": [0.0001], "stress_max": [10000], "time": [500], "job_nr": [44], "vul_param": [0]}}