{"data_file": "clean", "save_folder": "pre-test\\", "status_type": "linear", "distance_measure": "euclidean", "scenario": "normal", "dutch_w": 0.664, "turkish_w": 0.075, "moroccan_w": 0.13, "ghanaian_w": 0.021, "suriname_w": 0.11, "parameters": {"similarity_min": [0.12079610838369131], "ses_noise": [2.6023172325888058], "vul_param": [0.21234686934402425], "psr_param": [0.7754665109787238], "recover_param": [0.1480821020953914], "prestige_beta": [0.004993977824303577], "prestige_param": [0.632563668539878], "stressor_param": [0.4290946202018764], "interactions": [2], "coping_noise": [0.02144899604280113], "repeats": [200], "population_size": [502], "chronic_threshold": [0.0001], "stress_max": [100], "time": [500], "job_nr": [60]}}