{"data_file": "clean", "save_folder": "pre-test\\", "status_type": "linear", "distance_measure": "euclidean", "scenario": "normal", "dutch_w": 0.664, "turkish_w": 0.075, "moroccan_w": 0.13, "ghanaian_w": 0.021, "suriname_w": 0.11, "parameters": {"similarity_min": [0.3858436838964812], "ses_noise": [0.06454094698276669], "vul_param": [0.8596613988799926], "psr_param": [0.2403454009813612], "recover_param": [0.1945745044024516], "prestige_beta": [0.0014111824365724635], "prestige_param": [0.2725883395284121], "stressor_param": [0.2848301649514852], "interactions": [1], "coping_noise": [0.09155117198866573], "repeats": [200], "population_size": [502], "chronic_threshold": [0.0001], "stress_max": [100], "time": [500], "job_nr": [9]}}