{"data_file": "clean", "save_folder": "pre-test\\", "status_type": "linear", "distance_measure": "euclidean", "scenario": "normal", "dutch_w": 0.664, "turkish_w": 0.075, "moroccan_w": 0.13, "ghanaian_w": 0.021, "suriname_w": 0.11, "parameters": {"similarity_min": [0.47610185742033195], "ses_noise": [1], "psr_param": [0.4949792069134533], "recover_param": [0.026461594205038134], "prestige_beta": [0.04058252176886833], "prestige_param": [0.42231580882016995], "stressor_param": [0.6044404529469246], "interactions": [2], "coping_noise": [0.023615279176162178], "repeats": [10], "population_size": [502], "chronic_threshold": [0.0001], "stress_max": [10000], "time": [500], "job_nr": [268], "vul_param": [0]}}