{"data_file": "clean", "save_folder": "pre-test\\", "status_type": "linear", "distance_measure": "euclidean", "scenario": "normal", "dutch_w": 0.664, "turkish_w": 0.075, "moroccan_w": 0.13, "ghanaian_w": 0.021, "suriname_w": 0.11, "parameters": {"similarity_min": [0.3615635461285547], "ses_noise": [1], "psr_param": [0.15479113113268825], "recover_param": [0.02263356694479548], "prestige_beta": [0.007999724348840607], "prestige_param": [0.7557372646421655], "stressor_param": [0.242108681157158], "interactions": [1], "coping_noise": [0.030154554601574596], "repeats": [10], "population_size": [502], "chronic_threshold": [0.0001], "stress_max": [10000], "time": [500], "job_nr": [37], "vul_param": [0]}}