{"data_file": "clean", "save_folder": "pre-test\\", "status_type": "linear", "distance_measure": "euclidean", "scenario": "normal", "dutch_w": 0.664, "turkish_w": 0.075, "moroccan_w": 0.13, "ghanaian_w": 0.021, "suriname_w": 0.11, "parameters": {"similarity_min": [0.2018516193644757], "ses_noise": [1], "psr_param": [0.18720593140616296], "recover_param": [0.05842290976804524], "prestige_beta": [0.049054521263696756], "prestige_param": [0.6159557796099413], "stressor_param": [0.6436198957632742], "interactions": [1], "coping_noise": [0.058578389820661325], "repeats": [10], "population_size": [502], "chronic_threshold": [0.0001], "stress_max": [10000], "time": [500], "job_nr": [83], "vul_param": [0]}}