{"data_file": "clean", "save_folder": "pre-test\\", "status_type": "linear", "distance_measure": "euclidean", "scenario": "normal", "dutch_w": 0.664, "turkish_w": 0.075, "moroccan_w": 0.13, "ghanaian_w": 0.021, "suriname_w": 0.11, "parameters": {"similarity_min": [0.3056163224007046], "ses_noise": [1], "psr_param": [0.5079044060437292], "recover_param": [0.09319138404817409], "prestige_beta": [0.01270854759512878], "prestige_param": [0.20908204044165432], "stressor_param": [0.33417482993731934], "interactions": [2], "coping_noise": [0.07881847273823504], "repeats": [10], "population_size": [502], "chronic_threshold": [0.0001], "stress_max": [10000], "time": [500], "job_nr": [452], "vul_param": [0]}}