{"data_file": "clean", "save_folder": "pre-test\\", "status_type": "linear", "distance_measure": "euclidean", "scenario": "normal", "dutch_w": 0.664, "turkish_w": 0.075, "moroccan_w": 0.13, "ghanaian_w": 0.021, "suriname_w": 0.11, "parameters": {"similarity_min": [0.41494509706359184], "ses_noise": [1], "psr_param": [0.8695596624799161], "recover_param": [0.00952733514727231], "prestige_beta": [0.024653304290782968], "prestige_param": [0.22686646616533362], "stressor_param": [0.3383855059781042], "interactions": [1], "coping_noise": [0.021691827375625417], "repeats": [10], "population_size": [502], "chronic_threshold": [0.0001], "stress_max": [10000], "time": [500], "job_nr": [223], "vul_param": [0]}}