{"data_file": "clean", "save_folder": "pre-test\\", "status_type": "linear", "distance_measure": "euclidean", "scenario": "normal", "dutch_w": 0.664, "turkish_w": 0.075, "moroccan_w": 0.13, "ghanaian_w": 0.021, "suriname_w": 0.11, "parameters": {"similarity_min": [0.22030534824506975], "ses_noise": [1], "psr_param": [0.72241399066535], "recover_param": [0.044263876150010456], "prestige_beta": [0.012921264504254074], "prestige_param": [0.13067619766707253], "stressor_param": [0.3792047535285019], "interactions": [1], "coping_noise": [0.014735753455190684], "repeats": [10], "population_size": [502], "chronic_threshold": [0.0001], "stress_max": [10000], "time": [500], "job_nr": [277], "vul_param": [0]}}