{"data_file": "clean", "save_folder": "pre-test\\", "status_type": "linear", "distance_measure": "euclidean", "scenario": "normal", "dutch_w": 0.664, "turkish_w": 0.075, "moroccan_w": 0.13, "ghanaian_w": 0.021, "suriname_w": 0.11, "parameters": {"similarity_min": [0.49638619298329323], "ses_noise": [1], "psr_param": [0.5088093074916756], "recover_param": [0.08907131205422196], "prestige_beta": [0.03724067686090204], "prestige_param": [0.8073665452713089], "stressor_param": [0.8276128938255984], "interactions": [2], "coping_noise": [0.08027202434510403], "repeats": [10], "population_size": [502], "chronic_threshold": [0.0001], "stress_max": [10000], "time": [500], "job_nr": [216], "vul_param": [0]}}