{"data_file": "clean", "save_folder": "pre-test\\", "status_type": "linear", "distance_measure": "euclidean", "scenario": "normal", "dutch_w": 0.664, "turkish_w": 0.075, "moroccan_w": 0.13, "ghanaian_w": 0.021, "suriname_w": 0.11, "parameters": {"similarity_min": [0.36577301236350307], "ses_noise": [2.847988982297733], "vul_param": [0.2629331259374915], "psr_param": [0.7763306154428884], "recover_param": [0.10613357802655234], "prestige_beta": [0.00211878173759353], "prestige_param": [0.9252968588248213], "stressor_param": [0.8251128666684947], "interactions": [1], "coping_noise": [0.05018353934897224], "repeats": [200], "population_size": [502], "chronic_threshold": [0.0001], "stress_max": [100], "time": [500], "job_nr": [24]}}