{"data_file": "clean", "save_folder": "pre-test\\", "status_type": "linear", "distance_measure": "euclidean", "scenario": "normal", "dutch_w": 0.664, "turkish_w": 0.075, "moroccan_w": 0.13, "ghanaian_w": 0.021, "suriname_w": 0.11, "parameters": {"similarity_min": [0.9318784259889136], "ses_noise": [1], "psr_param": [0.6633196677071334], "recover_param": [0.023347595173378696], "prestige_beta": [0.005797765051447939], "prestige_param": [0.1360356449620845], "stressor_param": [0.6414289443320476], "interactions": [1], "coping_noise": [0.04988242630211587], "repeats": [10], "population_size": [502], "chronic_threshold": [0.0001], "stress_max": [10000], "time": [500], "job_nr": [411], "vul_param": [0]}}