{"data_file": "clean", "save_folder": "pre-test\\", "status_type": "linear", "distance_measure": "euclidean", "scenario": "normal", "dutch_w": 0.664, "turkish_w": 0.075, "moroccan_w": 0.13, "ghanaian_w": 0.021, "suriname_w": 0.11, "parameters": {"similarity_min": [0.5207716226827777], "ses_noise": [2], "psr_param": [0.21150490842608133], "recover_param": [0.044749493992106835], "prestige_beta": [0.0207547533274759], "prestige_param": [0.7569091293282588], "stressor_param": [0.5522027550230284], "interactions": [2], "coping_noise": [0.019125463742096963], "repeats": [10], "population_size": [502], "chronic_threshold": [0.0001], "stress_max": [10000], "time": [500], "job_nr": [8], "vul_param": [0]}}