{"data_file": "clean", "save_folder": "pre-test\\", "status_type": "linear", "distance_measure": "euclidean", "scenario": "normal", "dutch_w": 0.664, "turkish_w": 0.075, "moroccan_w": 0.13, "ghanaian_w": 0.021, "suriname_w": 0.11, "parameters": {"similarity_min": [0.5957050563868558], "ses_noise": [2], "psr_param": [0.4729617721406356], "recover_param": [0.055234401480236076], "prestige_beta": [0.033448610305598966], "prestige_param": [0.20165042721107848], "stressor_param": [0.6260128051246912], "interactions": [1], "coping_noise": [0.09994187920617378], "repeats": [10], "population_size": [502], "chronic_threshold": [0.0001], "stress_max": [10000], "time": [500], "job_nr": [246], "vul_param": [0]}}