{"data_file": "clean", "save_folder": "pre-test\\", "status_type": "linear", "distance_measure": "euclidean", "scenario": "normal", "dutch_w": 0.664, "turkish_w": 0.075, "moroccan_w": 0.13, "ghanaian_w": 0.021, "suriname_w": 0.11, "parameters": {"similarity_min": [0.9444447384241362], "ses_noise": [2], "psr_param": [0.5410392796395964], "recover_param": [0.08653588145826104], "prestige_beta": [0.030728438193281502], "prestige_param": [0.4396717275509623], "stressor_param": [0.7287492878628583], "interactions": [1], "coping_noise": [0.06657021371645405], "repeats": [10], "population_size": [502], "chronic_threshold": [0.0001], "stress_max": [10000], "time": [500], "job_nr": [292], "vul_param": [0]}}