{"data_file": "clean", "save_folder": "pre-test\\", "status_type": "linear", "distance_measure": "euclidean", "scenario": "normal", "dutch_w": 0.664, "turkish_w": 0.075, "moroccan_w": 0.13, "ghanaian_w": 0.021, "suriname_w": 0.11, "parameters": {"similarity_min": [0.3368945731431872], "ses_noise": [2.5526305491323713], "vul_param": [0.49863790706940425], "psr_param": [0.7930205769274893], "recover_param": [0.170549618456447], "prestige_beta": [0.0014320309291183837], "prestige_param": [0.4310679068837825], "stressor_param": [0.907330990307449], "interactions": [1], "coping_noise": [0.029238970549477744], "repeats": [200], "population_size": [502], "chronic_threshold": [0.0001], "stress_max": [100], "time": [500], "job_nr": [54]}}