{"data_file": "clean", "save_folder": "pre-test\\", "status_type": "linear", "distance_measure": "euclidean", "scenario": "normal", "dutch_w": 0.664, "turkish_w": 0.075, "moroccan_w": 0.13, "ghanaian_w": 0.021, "suriname_w": 0.11, "parameters": {"similarity_min": [0.42019765526292946], "ses_noise": [0.06384317474641865], "vul_param": [0.9446273276814534], "psr_param": [0.31418239874824083], "recover_param": [0.11344671026439207], "prestige_beta": [0.004756784956891679], "prestige_param": [0.9080486815198429], "stressor_param": [0.6209846177058417], "interactions": [2], "coping_noise": [0.09499964019006069], "repeats": [200], "population_size": [502], "chronic_threshold": [0.0001], "stress_max": [100], "time": [500], "job_nr": [48]}}