{"data_file": "clean", "save_folder": "pre-test\\", "status_type": "linear", "distance_measure": "euclidean", "scenario": "normal", "dutch_w": 0.664, "turkish_w": 0.075, "moroccan_w": 0.13, "ghanaian_w": 0.021, "suriname_w": 0.11, "parameters": {"similarity_min": [0.37115922092509546], "ses_noise": [3], "psr_param": [0.5588482807814458], "recover_param": [0.08090798778582574], "prestige_beta": [0.04304784236561585], "prestige_param": [0.20980035544026931], "stressor_param": [0.1942790399986932], "interactions": [1], "coping_noise": [0.09621807753626621], "repeats": [10], "population_size": [502], "chronic_threshold": [0.0001], "stress_max": [10000], "time": [500], "job_nr": [311], "vul_param": [0]}}