{"data_file": "clean", "save_folder": "pre-test\\", "status_type": "linear", "distance_measure": "euclidean", "scenario": "normal", "dutch_w": 0.664, "turkish_w": 0.075, "moroccan_w": 0.13, "ghanaian_w": 0.021, "suriname_w": 0.11, "parameters": {"similarity_min": [0.8803507508167178], "ses_noise": [3], "psr_param": [0.22801908346379504], "recover_param": [0.011461136952397491], "prestige_beta": [0.005182774709663344], "prestige_param": [0.9252106569199832], "stressor_param": [0.5039395410859807], "interactions": [2], "coping_noise": [0.07057821387583668], "repeats": [10], "population_size": [502], "chronic_threshold": [0.0001], "stress_max": [10000], "time": [500], "job_nr": [492], "vul_param": [0]}}