{"data_file": "clean", "save_folder": "pre-test\\", "status_type": "linear", "distance_measure": "euclidean", "scenario": "normal", "dutch_w": 0.664, "turkish_w": 0.075, "moroccan_w": 0.13, "ghanaian_w": 0.021, "suriname_w": 0.11, "parameters": {"similarity_min": [0.4919152822719206], "ses_noise": [0], "psr_param": [0.5435401729857967], "recover_param": [0.058455133361784276], "prestige_beta": [0.0405835351646726], "prestige_param": [0.6714318769031927], "stressor_param": [0.6711576688610005], "interactions": [1], "coping_noise": [0.08046242782131577], "repeats": [10], "population_size": [502], "chronic_threshold": [0.0001], "stress_max": [10000], "time": [500], "job_nr": [207], "vul_param": [0]}}