{"data_file": "clean", "save_folder": "pre-test\\", "status_type": "linear", "distance_measure": "euclidean", "scenario": "normal", "dutch_w": 0.664, "turkish_w": 0.075, "moroccan_w": 0.13, "ghanaian_w": 0.021, "suriname_w": 0.11, "parameters": {"similarity_min": [0.7707887834346806], "ses_noise": [2], "psr_param": [0.9884723440819194], "recover_param": [0.07608446493645975], "prestige_beta": [0.011662279372631229], "prestige_param": [0.8723610857266126], "stressor_param": [0.6277237471664487], "interactions": [1], "coping_noise": [0.050125597706599696], "repeats": [10], "population_size": [502], "chronic_threshold": [0.0001], "stress_max": [10000], "time": [500], "job_nr": [59], "vul_param": [0]}}