{"data_file": "clean", "save_folder": "pre-test\\", "status_type": "linear", "distance_measure": "euclidean", "scenario": "normal", "dutch_w": 0.664, "turkish_w": 0.075, "moroccan_w": 0.13, "ghanaian_w": 0.021, "suriname_w": 0.11, "parameters": {"similarity_min": [0.2920365640020207], "ses_noise": [0.437797419012971], "vul_param": [0.7353335285488246], "psr_param": [0.974685182558218], "recover_param": [0.18558135526627084], "prestige_beta": [0.0008401949192946301], "prestige_param": [0.7155716792376601], "stressor_param": [0.845526681752075], "interactions": [1], "coping_noise": [0.06633391558041], "repeats": [200], "population_size": [502], "chronic_threshold": [0.0001], "stress_max": [100], "time": [500], "job_nr": [98]}}