{"data_file": "clean", "save_folder": "pre-test\\", "status_type": "linear", "distance_measure": "euclidean", "scenario": "normal", "dutch_w": 0.664, "turkish_w": 0.075, "moroccan_w": 0.13, "ghanaian_w": 0.021, "suriname_w": 0.11, "parameters": {"similarity_min": [0.4158660968953326], "ses_noise": [1], "psr_param": [0.1611723717981086], "recover_param": [0.08841286620600546], "prestige_beta": [0.017251849654105093], "prestige_param": [0.8420278633254294], "stressor_param": [0.2828765256013318], "interactions": [2], "coping_noise": [0.07920052693931723], "repeats": [10], "population_size": [502], "chronic_threshold": [0.0001], "stress_max": [10000], "time": [500], "job_nr": [62], "vul_param": [0]}}