{"data_file": "clean", "save_folder": "pre-test\\", "status_type": "linear", "distance_measure": "euclidean", "scenario": "normal", "dutch_w": 0.664, "turkish_w": 0.075, "moroccan_w": 0.13, "ghanaian_w": 0.021, "suriname_w": 0.11, "parameters": {"similarity_min": [0.7941980751131134], "ses_noise": [0], "psr_param": [0.7182006019773518], "recover_param": [0.09222145943609922], "prestige_beta": [0.04741163033012268], "prestige_param": [0.3887478838855527], "stressor_param": [0.37644739690120377], "interactions": [2], "coping_noise": [0.09029991083194429], "repeats": [10], "population_size": [502], "chronic_threshold": [0.0001], "stress_max": [10000], "time": [500], "job_nr": [178], "vul_param": [0]}}