{"data_file": "clean", "save_folder": "pre-test\\", "status_type": "linear", "distance_measure": "euclidean", "scenario": "normal", "dutch_w": 0.664, "turkish_w": 0.075, "moroccan_w": 0.13, "ghanaian_w": 0.021, "suriname_w": 0.11, "parameters": {"similarity_min": [0.25109692638824255], "ses_noise": [2], "psr_param": [0.8557433453274278], "recover_param": [0.08020376670469588], "prestige_beta": [0.04849585682357254], "prestige_param": [0.22824324158974485], "stressor_param": [0.8286131747571783], "interactions": [1], "coping_noise": [0.015683673574994714], "repeats": [10], "population_size": [502], "chronic_threshold": [0.0001], "stress_max": [10000], "time": [500], "job_nr": [153], "vul_param": [0]}}