{"data_file": "clean", "save_folder": "pre-test\\", "status_type": "linear", "distance_measure": "euclidean", "scenario": "normal", "dutch_w": 0.664, "turkish_w": 0.075, "moroccan_w": 0.13, "ghanaian_w": 0.021, "suriname_w": 0.11, "parameters": {"similarity_min": [0.06499159515421293], "ses_noise": [0.35777027564739394], "vul_param": [0.9001171221872294], "psr_param": [0.6544626850204279], "recover_param": [0.1822650395207855], "prestige_beta": [0.004062269170528036], "prestige_param": [0.6862742685628921], "stressor_param": [0.8966905550430104], "interactions": [2], "coping_noise": [0.05750892424263141], "repeats": [200], "population_size": [502], "chronic_threshold": [0.0001], "stress_max": [100], "time": [500], "job_nr": [33]}}