{"data_file": "clean", "save_folder": "pre-test\\", "status_type": "linear", "distance_measure": "euclidean", "scenario": "normal", "dutch_w": 0.664, "turkish_w": 0.075, "moroccan_w": 0.13, "ghanaian_w": 0.021, "suriname_w": 0.11, "parameters": {"similarity_min": [0.9495538697733283], "ses_noise": [2], "psr_param": [0.29738940482652765], "recover_param": [0.04228074657888631], "prestige_beta": [0.029333605775474576], "prestige_param": [0.8532076325656605], "stressor_param": [0.5270382255504774], "interactions": [1], "coping_noise": [0.0944504101859245], "repeats": [10], "population_size": [502], "chronic_threshold": [0.0001], "stress_max": [10000], "time": [500], "job_nr": [386], "vul_param": [0]}}