{"data_file": "clean", "save_folder": "pre-test\\", "status_type": "linear", "distance_measure": "euclidean", "scenario": "normal", "dutch_w": 0.664, "turkish_w": 0.075, "moroccan_w": 0.13, "ghanaian_w": 0.021, "suriname_w": 0.11, "parameters": {"similarity_min": [0.9850217641534923], "ses_noise": [1], "psr_param": [0.8425501274546056], "recover_param": [0.09290776617325201], "prestige_beta": [0.04100019374677141], "prestige_param": [0.973728939839933], "stressor_param": [0.9203781276882235], "interactions": [2], "coping_noise": [0.027505200670521715], "repeats": [10], "population_size": [502], "chronic_threshold": [0.0001], "stress_max": [10000], "time": [500], "job_nr": [412], "vul_param": [0]}}