{"data_file": "clean", "save_folder": "pre-test\\", "status_type": "linear", "distance_measure": "euclidean", "scenario": "normal", "dutch_w": 0.664, "turkish_w": 0.075, "moroccan_w": 0.13, "ghanaian_w": 0.021, "suriname_w": 0.11, "parameters": {"similarity_min": [0.2885499103545624], "ses_noise": [1.8239504153027002], "vul_param": [0.3409339215790348], "psr_param": [0.7500378025035518], "recover_param": [0.1296951363331107], "prestige_beta": [0.003366072559476515], "prestige_param": [0.25772262905789933], "stressor_param": [0.8159515260931592], "interactions": [2], "coping_noise": [0.08364327896235421], "repeats": [200], "population_size": [502], "chronic_threshold": [0.0001], "stress_max": [100], "time": [500], "job_nr": [66]}}