{"data_file": "clean", "save_folder": "pre-test\\", "status_type": "linear", "distance_measure": "euclidean", "scenario": "normal", "dutch_w": 0.664, "turkish_w": 0.075, "moroccan_w": 0.13, "ghanaian_w": 0.021, "suriname_w": 0.11, "parameters": {"similarity_min": [0.4906941883816961], "ses_noise": [0], "psr_param": [0.8145910406038139], "recover_param": [0.015765897830248683], "prestige_beta": [0.032392098346069556], "prestige_param": [0.5858355688164506], "stressor_param": [0.6619448291174609], "interactions": [2], "coping_noise": [0.07214223588695337], "repeats": [10], "population_size": [502], "chronic_threshold": [0.0001], "stress_max": [10000], "time": [500], "job_nr": [213], "vul_param": [0]}}