{"data_file": "clean", "save_folder": "pre-test\\", "status_type": "linear", "distance_measure": "euclidean", "scenario": "normal", "dutch_w": 0.664, "turkish_w": 0.075, "moroccan_w": 0.13, "ghanaian_w": 0.021, "suriname_w": 0.11, "parameters": {"similarity_min": [0.3200991201469404], "ses_noise": [0.8315420395844116], "vul_param": [0.9597860802579573], "psr_param": [0.7425260858884029], "recover_param": [0.19620920002903922], "prestige_beta": [0.0015056219530345375], "prestige_param": [0.8971109068410572], "stressor_param": [0.41117118934562213], "interactions": [1], "coping_noise": [0.08599462196136423], "repeats": [200], "population_size": [502], "chronic_threshold": [0.0001], "stress_max": [100], "time": [500], "job_nr": [40]}}