{"data_file": "clean", "save_folder": "pre-test\\", "status_type": "linear", "distance_measure": "euclidean", "scenario": "normal", "dutch_w": 0.664, "turkish_w": 0.075, "moroccan_w": 0.13, "ghanaian_w": 0.021, "suriname_w": 0.11, "parameters": {"similarity_min": [0.11899006327924366], "ses_noise": [3], "psr_param": [0.324172375812277], "recover_param": [0.019829628730766935], "prestige_beta": [0.040900047146647626], "prestige_param": [0.4582299126049073], "stressor_param": [0.5168567304791102], "interactions": [2], "coping_noise": [0.0477492247442331], "repeats": [10], "population_size": [502], "chronic_threshold": [0.0001], "stress_max": [10000], "time": [500], "job_nr": [139], "vul_param": [0]}}