{"data_file": "clean", "save_folder": "pre-test\\", "status_type": "linear", "distance_measure": "euclidean", "scenario": "normal", "dutch_w": 0.664, "turkish_w": 0.075, "moroccan_w": 0.13, "ghanaian_w": 0.021, "suriname_w": 0.11, "parameters": {"similarity_min": [0.8858279093732927], "ses_noise": [2], "psr_param": [0.14493420839701665], "recover_param": [0.04179728230048495], "prestige_beta": [0.02301638587912609], "prestige_param": [0.14029012728330448], "stressor_param": [0.14617860002673846], "interactions": [1], "coping_noise": [0.03703292465342432], "repeats": [10], "population_size": [502], "chronic_threshold": [0.0001], "stress_max": [10000], "time": [500], "job_nr": [295], "vul_param": [0]}}