{"data_file": "clean", "save_folder": "pre-test\\", "status_type": "linear", "distance_measure": "euclidean", "scenario": "normal", "dutch_w": 0.664, "turkish_w": 0.075, "moroccan_w": 0.13, "ghanaian_w": 0.021, "suriname_w": 0.11, "parameters": {"similarity_min": [0.870789177147713], "ses_noise": [1], "psr_param": [0.13766495845257665], "recover_param": [0.06411152547506262], "prestige_beta": [0.007409369565262952], "prestige_param": [0.19821953184169055], "stressor_param": [0.32369200427200107], "interactions": [2], "coping_noise": [0.061274472676983424], "repeats": [10], "population_size": [502], "chronic_threshold": [0.0001], "stress_max": [10000], "time": [500], "job_nr": [172], "vul_param": [0]}}