{"data_file": "clean", "save_folder": "pre-test\\", "status_type": "linear", "distance_measure": "euclidean", "scenario": "normal", "dutch_w": 0.664, "turkish_w": 0.075, "moroccan_w": 0.13, "ghanaian_w": 0.021, "suriname_w": 0.11, "parameters": {"similarity_min": [0.19089565072147635], "ses_noise": [2], "psr_param": [0.4405812587422663], "recover_param": [0.058973355408141054], "prestige_beta": [0.019160141748652496], "prestige_param": [0.5963773416228615], "stressor_param": [0.6545327762707067], "interactions": [2], "coping_noise": [0.062009399967495264], "repeats": [10], "population_size": [502], "chronic_threshold": [0.0001], "stress_max": [10000], "time": [500], "job_nr": [231], "vul_param": [0]}}