{"data_file": "clean", "save_folder": "pre-test\\", "status_type": "linear", "distance_measure": "euclidean", "scenario": "normal", "dutch_w": 0.664, "turkish_w": 0.075, "moroccan_w": 0.13, "ghanaian_w": 0.021, "suriname_w": 0.11, "parameters": {"similarity_min": [0.28432663074152015], "ses_noise": [2], "psr_param": [0.4950677868967075], "recover_param": [0.03217070344569621], "prestige_beta": [0.034515843647253776], "prestige_param": [0.14493856233918617], "stressor_param": [0.9884186913104608], "interactions": [1], "coping_noise": [0.07597100055048138], "repeats": [10], "population_size": [502], "chronic_threshold": [0.0001], "stress_max": [10000], "time": [500], "job_nr": [157], "vul_param": [0]}}