{"data_file": "clean", "save_folder": "pre-test\\", "status_type": "linear", "distance_measure": "euclidean", "scenario": "normal", "dutch_w": 0.664, "turkish_w": 0.075, "moroccan_w": 0.13, "ghanaian_w": 0.021, "suriname_w": 0.11, "parameters": {"similarity_min": [0.3664425958335591], "ses_noise": [1], "psr_param": [0.9313348121309094], "recover_param": [0.041012287108311195], "prestige_beta": [0.03569633728629667], "prestige_param": [0.7721699069275606], "stressor_param": [0.10381008210375738], "interactions": [1], "coping_noise": [0.08290950835856224], "repeats": [10], "population_size": [502], "chronic_threshold": [0.0001], "stress_max": [10000], "time": [500], "job_nr": [284], "vul_param": [0]}}