{"data_file": "clean", "save_folder": "pre-test\\", "status_type": "linear", "distance_measure": "euclidean", "scenario": "normal", "dutch_w": 0.664, "turkish_w": 0.075, "moroccan_w": 0.13, "ghanaian_w": 0.021, "suriname_w": 0.11, "parameters": {"similarity_min": [0.20534738291299343], "ses_noise": [2], "psr_param": [0.5895882293144823], "recover_param": [0.06739474088636789], "prestige_beta": [0.023976446910617965], "prestige_param": [0.2677147324527309], "stressor_param": [0.19492165941810818], "interactions": [1], "coping_noise": [0.08852885166504634], "repeats": [10], "population_size": [502], "chronic_threshold": [0.0001], "stress_max": [10000], "time": [500], "job_nr": [240], "vul_param": [0]}}