{"data_file": "clean", "save_folder": "pre-test\\", "status_type": "linear", "distance_measure": "euclidean", "scenario": "normal", "dutch_w": 0.664, "turkish_w": 0.075, "moroccan_w": 0.13, "ghanaian_w": 0.021, "suriname_w": 0.11, "parameters": {"similarity_min": [0.20685004940754503], "ses_noise": [0], "psr_param": [0.5479972539703228], "recover_param": [0.09359072002187441], "prestige_beta": [0.0441292889387512], "prestige_param": [0.6297969912741607], "stressor_param": [0.42753789150111277], "interactions": [1], "coping_noise": [0.013639328998968728], "repeats": [10], "population_size": [502], "chronic_threshold": [0.0001], "stress_max": [10000], "time": [500], "job_nr": [345], "vul_param": [0]}}