{"data_file": "clean", "save_folder": "pre-test\\", "status_type": "linear", "distance_measure": "euclidean", "scenario": "normal", "dutch_w": 0.664, "turkish_w": 0.075, "moroccan_w": 0.13, "ghanaian_w": 0.021, "suriname_w": 0.11, "parameters": {"similarity_min": [0.9854919568650609], "ses_noise": [3], "psr_param": [0.31137606781907645], "recover_param": [0.03874215863912728], "prestige_beta": [0.01123407755969445], "prestige_param": [0.7737359100355186], "stressor_param": [0.5686990479269944], "interactions": [1], "coping_noise": [0.05773859345998697], "repeats": [10], "population_size": [502], "chronic_threshold": [0.0001], "stress_max": [10000], "time": [500], "job_nr": [135], "vul_param": [0]}}