{"data_file": "clean", "save_folder": "pre-test\\", "status_type": "linear", "distance_measure": "euclidean", "scenario": "normal", "dutch_w": 0.664, "turkish_w": 0.075, "moroccan_w": 0.13, "ghanaian_w": 0.021, "suriname_w": 0.11, "parameters": {"similarity_min": [0.5170753451085816], "ses_noise": [2], "psr_param": [0.3809492428302559], "recover_param": [0.08570276179874363], "prestige_beta": [0.02043008358450881], "prestige_param": [0.8384031530231423], "stressor_param": [0.8083319895088303], "interactions": [2], "coping_noise": [0.06641970138242669], "repeats": [10], "population_size": [502], "chronic_threshold": [0.0001], "stress_max": [10000], "time": [500], "job_nr": [230], "vul_param": [0]}}