{"data_file": "clean", "save_folder": "pre-test\\", "status_type": "linear", "distance_measure": "euclidean", "scenario": "normal", "dutch_w": 0.664, "turkish_w": 0.075, "moroccan_w": 0.13, "ghanaian_w": 0.021, "suriname_w": 0.11, "parameters": {"similarity_min": [0.7399136626811917], "ses_noise": [2], "psr_param": [0.2964161079324153], "recover_param": [0.018410245074409717], "prestige_beta": [0.018462950383393007], "prestige_param": [0.7573700081226882], "stressor_param": [0.6468949926165091], "interactions": [2], "coping_noise": [0.05185821871956286], "repeats": [10], "population_size": [502], "chronic_threshold": [0.0001], "stress_max": [10000], "time": [500], "job_nr": [433], "vul_param": [0]}}