{"data_file": "clean", "save_folder": "pre-test\\", "status_type": "linear", "distance_measure": "euclidean", "scenario": "normal", "dutch_w": 0.664, "turkish_w": 0.075, "moroccan_w": 0.13, "ghanaian_w": 0.021, "suriname_w": 0.11, "parameters": {"similarity_min": [0.9964495559437234], "ses_noise": [2], "psr_param": [0.1585925779950379], "recover_param": [0.013908702621673624], "prestige_beta": [0.026066554575368463], "prestige_param": [0.8699869088340227], "stressor_param": [0.8332672949591451], "interactions": [1], "coping_noise": [0.01847605598258687], "repeats": [10], "population_size": [502], "chronic_threshold": [0.0001], "stress_max": [10000], "time": [500], "job_nr": [306], "vul_param": [0]}}