{"data_file": "clean", "save_folder": "pre-test\\", "status_type": "linear", "distance_measure": "euclidean", "scenario": "normal", "dutch_w": 0.664, "turkish_w": 0.075, "moroccan_w": 0.13, "ghanaian_w": 0.021, "suriname_w": 0.11, "parameters": {"similarity_min": [0.4622979396079674], "ses_noise": [3], "psr_param": [0.7091757075326443], "recover_param": [0.010078531166356559], "prestige_beta": [0.025362548108108306], "prestige_param": [0.9515081969490551], "stressor_param": [0.5523849338431583], "interactions": [2], "coping_noise": [0.08762099935610727], "repeats": [10], "population_size": [502], "chronic_threshold": [0.0001], "stress_max": [10000], "time": [500], "job_nr": [50], "vul_param": [0]}}