{"data_file": "clean", "save_folder": "pre-test\\", "status_type": "linear", "distance_measure": "euclidean", "scenario": "normal", "dutch_w": 0.664, "turkish_w": 0.075, "moroccan_w": 0.13, "ghanaian_w": 0.021, "suriname_w": 0.11, "parameters": {"similarity_min": [0.46651894460081544], "ses_noise": [0.11348735650057273], "vul_param": [0.9143904737135593], "psr_param": [0.5401349321168132], "recover_param": [0.17815182864871063], "prestige_beta": [0.00159972957316739], "prestige_param": [0.6286267045063519], "stressor_param": [0.5563774480989235], "interactions": [1], "coping_noise": [0.021976376239347298], "repeats": [200], "population_size": [502], "chronic_threshold": [0.0001], "stress_max": [100], "time": [500], "job_nr": [70]}}