{"data_file": "clean", "save_folder": "pre-test\\", "status_type": "linear", "distance_measure": "euclidean", "scenario": "normal", "dutch_w": 0.664, "turkish_w": 0.075, "moroccan_w": 0.13, "ghanaian_w": 0.021, "suriname_w": 0.11, "parameters": {"similarity_min": [0.22481805371237001], "ses_noise": [2], "psr_param": [0.6469109169437921], "recover_param": [0.05776295360904926], "prestige_beta": [0.04651616675618968], "prestige_param": [0.7616428395072659], "stressor_param": [0.17008673250151785], "interactions": [1], "coping_noise": [0.0751549128361519], "repeats": [10], "population_size": [502], "chronic_threshold": [0.0001], "stress_max": [10000], "time": [500], "job_nr": [15], "vul_param": [0]}}