{"data_file": "clean", "save_folder": "pre-test\\", "status_type": "linear", "distance_measure": "euclidean", "scenario": "normal", "dutch_w": 0.664, "turkish_w": 0.075, "moroccan_w": 0.13, "ghanaian_w": 0.021, "suriname_w": 0.11, "parameters": {"similarity_min": [0.3960050233864475], "ses_noise": [2], "psr_param": [0.7210129567942607], "recover_param": [0.07671879930122877], "prestige_beta": [0.03058715325787588], "prestige_param": [0.6914654459490385], "stressor_param": [0.26031665961014294], "interactions": [2], "coping_noise": [0.03723752146718172], "repeats": [10], "population_size": [502], "chronic_threshold": [0.0001], "stress_max": [10000], "time": [500], "job_nr": [38], "vul_param": [0]}}