{"data_file": "clean", "save_folder": "pre-test\\", "status_type": "linear", "distance_measure": "euclidean", "scenario": "normal", "dutch_w": 0.664, "turkish_w": 0.075, "moroccan_w": 0.13, "ghanaian_w": 0.021, "suriname_w": 0.11, "parameters": {"similarity_min": [0.8858853849412791], "ses_noise": [2], "psr_param": [0.11357647008272587], "recover_param": [0.08429914518012323], "prestige_beta": [0.019539457935925455], "prestige_param": [0.6345715011650788], "stressor_param": [0.13372848188201414], "interactions": [2], "coping_noise": [0.051658442599135525], "repeats": [10], "population_size": [502], "chronic_threshold": [0.0001], "stress_max": [10000], "time": [500], "job_nr": [326], "vul_param": [0]}}