{"data_file": "clean", "save_folder": "pre-test\\", "status_type": "linear", "distance_measure": "euclidean", "scenario": "normal", "dutch_w": 0.664, "turkish_w": 0.075, "moroccan_w": 0.13, "ghanaian_w": 0.021, "suriname_w": 0.11, "parameters": {"similarity_min": [0.4784578432298508], "ses_noise": [1.991426444980418], "vul_param": [0.6331740512093373], "psr_param": [0.5926130338210505], "recover_param": [0.10933750766615322], "prestige_beta": [0.0016956639755476136], "prestige_param": [0.2117171673501697], "stressor_param": [0.48399066514594247], "interactions": [1], "coping_noise": [0.06567488784325057], "repeats": [200], "population_size": [502], "chronic_threshold": [0.0001], "stress_max": [100], "time": [500], "job_nr": [12]}}