{"data_file": "clean", "save_folder": "pre-test\\", "status_type": "linear", "distance_measure": "euclidean", "scenario": "normal", "dutch_w": 0.664, "turkish_w": 0.075, "moroccan_w": 0.13, "ghanaian_w": 0.021, "suriname_w": 0.11, "parameters": {"similarity_min": [0.39422528928045153], "ses_noise": [0], "psr_param": [0.13490298206531043], "recover_param": [0.023168713883552808], "prestige_beta": [0.009998002750165581], "prestige_param": [0.5227692970888117], "stressor_param": [0.628989904389633], "interactions": [2], "coping_noise": [0.050393412360799965], "repeats": [10], "population_size": [502], "chronic_threshold": [0.0001], "stress_max": [10000], "time": [500], "job_nr": [54], "vul_param": [0]}}