{"data_file": "clean", "save_folder": "pre-test\\", "status_type": "linear", "distance_measure": "euclidean", "scenario": "normal", "dutch_w": 0.664, "turkish_w": 0.075, "moroccan_w": 0.13, "ghanaian_w": 0.021, "suriname_w": 0.11, "parameters": {"similarity_min": [0.6867341335471997], "ses_noise": [1], "psr_param": [0.1215748501210579], "recover_param": [0.031672386333000034], "prestige_beta": [0.02229213028549495], "prestige_param": [0.7779619925353464], "stressor_param": [0.5981153395297817], "interactions": [1], "coping_noise": [0.02857509045327524], "repeats": [10], "population_size": [502], "chronic_threshold": [0.0001], "stress_max": [10000], "time": [500], "job_nr": [449], "vul_param": [0]}}