{"data_file": "clean", "save_folder": "pre-test\\", "status_type": "linear", "distance_measure": "euclidean", "scenario": "normal", "dutch_w": 0.664, "turkish_w": 0.075, "moroccan_w": 0.13, "ghanaian_w": 0.021, "suriname_w": 0.11, "parameters": {"similarity_min": [0.6472539158116826], "ses_noise": [3], "psr_param": [0.10738246625996024], "recover_param": [0.01418804215652214], "prestige_beta": [0.016920143060186143], "prestige_param": [0.5601855709157361], "stressor_param": [0.8078307655391922], "interactions": [2], "coping_noise": [0.012293515343786329], "repeats": [10], "population_size": [502], "chronic_threshold": [0.0001], "stress_max": [10000], "time": [500], "job_nr": [395], "vul_param": [0]}}