{"data_file": "clean", "save_folder": "pre-test\\", "status_type": "linear", "distance_measure": "euclidean", "scenario": "normal", "dutch_w": 0.664, "turkish_w": 0.075, "moroccan_w": 0.13, "ghanaian_w": 0.021, "suriname_w": 0.11, "parameters": {"similarity_min": [0.45035747111139535], "ses_noise": [3], "psr_param": [0.7979166376232157], "recover_param": [0.07175821881783172], "prestige_beta": [0.03463817471190965], "prestige_param": [0.10088802874124761], "stressor_param": [0.14019037189154657], "interactions": [1], "coping_noise": [0.05094313616935432], "repeats": [10], "population_size": [502], "chronic_threshold": [0.0001], "stress_max": [10000], "time": [500], "job_nr": [454], "vul_param": [0]}}