{"data_file": "clean", "save_folder": "pre-test\\", "status_type": "linear", "distance_measure": "euclidean", "scenario": "normal", "dutch_w": 0.664, "turkish_w": 0.075, "moroccan_w": 0.13, "ghanaian_w": 0.021, "suriname_w": 0.11, "parameters": {"similarity_min": [0.7488179269991793], "ses_noise": [0], "psr_param": [0.4935753876091791], "recover_param": [0.07420909185476214], "prestige_beta": [0.045483120324079494], "prestige_param": [0.6722794378162839], "stressor_param": [0.23159786844425043], "interactions": [2], "coping_noise": [0.06001735377461458], "repeats": [10], "population_size": [502], "chronic_threshold": [0.0001], "stress_max": [10000], "time": [500], "job_nr": [242], "vul_param": [0]}}