{"data_file": "clean", "save_folder": "pre-test\\", "status_type": "linear", "distance_measure": "euclidean", "scenario": "normal", "dutch_w": 0.664, "turkish_w": 0.075, "moroccan_w": 0.13, "ghanaian_w": 0.021, "suriname_w": 0.11, "parameters": {"similarity_min": [0.2731804879636293], "ses_noise": [0.8584669533200119], "vul_param": [0.9946520438162252], "psr_param": [0.43969959735887854], "recover_param": [0.13839053620739417], "prestige_beta": [0.003346119916314448], "prestige_param": [0.48243041760560285], "stressor_param": [0.20265786337640523], "interactions": [1], "coping_noise": [0.06852251719939156], "repeats": [200], "population_size": [502], "chronic_threshold": [0.0001], "stress_max": [100], "time": [500], "job_nr": [36]}}