{"data_file": "clean", "save_folder": "pre-test\\", "status_type": "linear", "distance_measure": "euclidean", "scenario": "normal", "dutch_w": 0.664, "turkish_w": 0.075, "moroccan_w": 0.13, "ghanaian_w": 0.021, "suriname_w": 0.11, "parameters": {"similarity_min": [0.707432315133478], "ses_noise": [3], "psr_param": [0.5576390697800464], "recover_param": [0.03859179747639247], "prestige_beta": [0.02998077950089516], "prestige_param": [0.9754291742608375], "stressor_param": [0.6987725975512115], "interactions": [2], "coping_noise": [0.048347732774940026], "repeats": [10], "population_size": [502], "chronic_threshold": [0.0001], "stress_max": [10000], "time": [500], "job_nr": [324], "vul_param": [0]}}