{"data_file": "clean", "save_folder": "pre-test\\", "status_type": "linear", "distance_measure": "euclidean", "scenario": "normal", "dutch_w": 0.664, "turkish_w": 0.075, "moroccan_w": 0.13, "ghanaian_w": 0.021, "suriname_w": 0.11, "parameters": {"similarity_min": [0.7845713282851099], "ses_noise": [3], "psr_param": [0.7512597930576012], "recover_param": [0.05674664610836371], "prestige_beta": [0.00977739501828749], "prestige_param": [0.18169276781741095], "stressor_param": [0.8319621731939855], "interactions": [2], "coping_noise": [0.05789129672490246], "repeats": [10], "population_size": [502], "chronic_threshold": [0.0001], "stress_max": [10000], "time": [500], "job_nr": [105], "vul_param": [0]}}