{"data_file": "clean", "save_folder": "pre-test\\", "status_type": "linear", "distance_measure": "euclidean", "scenario": "normal", "dutch_w": 0.664, "turkish_w": 0.075, "moroccan_w": 0.13, "ghanaian_w": 0.021, "suriname_w": 0.11, "parameters": {"similarity_min": [0.7727097402168137], "ses_noise": [3], "psr_param": [0.44239924334234804], "recover_param": [0.04109701594424955], "prestige_beta": [0.03566126272206751], "prestige_param": [0.8067718247555713], "stressor_param": [0.4596764520767348], "interactions": [2], "coping_noise": [0.09524839414771029], "repeats": [10], "population_size": [502], "chronic_threshold": [0.0001], "stress_max": [10000], "time": [500], "job_nr": [249], "vul_param": [0]}}