{"data_file": "clean", "save_folder": "pre-test\\", "status_type": "linear", "distance_measure": "euclidean", "scenario": "normal", "dutch_w": 0.664, "turkish_w": 0.075, "moroccan_w": 0.13, "ghanaian_w": 0.021, "suriname_w": 0.11, "parameters": {"similarity_min": [0.7964369364625971], "ses_noise": [0], "psr_param": [0.2783187585121679], "recover_param": [0.09733834817226819], "prestige_beta": [0.011718808942255153], "prestige_param": [0.9471096550621617], "stressor_param": [0.7077423655187275], "interactions": [1], "coping_noise": [0.014344259735876927], "repeats": [10], "population_size": [502], "chronic_threshold": [0.0001], "stress_max": [10000], "time": [500], "job_nr": [463], "vul_param": [0]}}