{"data_file": "clean", "save_folder": "pre-test\\", "status_type": "linear", "distance_measure": "euclidean", "scenario": "normal", "dutch_w": 0.664, "turkish_w": 0.075, "moroccan_w": 0.13, "ghanaian_w": 0.021, "suriname_w": 0.11, "parameters": {"similarity_min": [0.43952657330881123], "ses_noise": [2.31283682464597], "vul_param": [0.3101794887845153], "psr_param": [0.48849082157082635], "recover_param": [0.17360975073349386], "prestige_beta": [0.0013004509078695507], "prestige_param": [0.6552610199249227], "stressor_param": [0.6278294352095342], "interactions": [2], "coping_noise": [0.08868838605831994], "repeats": [200], "population_size": [502], "chronic_threshold": [0.0001], "stress_max": [100], "time": [500], "job_nr": [1]}}