{"data_file": "clean", "save_folder": "pre-test\\", "status_type": "linear", "distance_measure": "euclidean", "scenario": "normal", "dutch_w": 0.664, "turkish_w": 0.075, "moroccan_w": 0.13, "ghanaian_w": 0.021, "suriname_w": 0.11, "parameters": {"similarity_min": [0.16913737739535256], "ses_noise": [2.3774896954230873], "vul_param": [0.7691766327265818], "psr_param": [0.2579052095017276], "recover_param": [0.13671749670497685], "prestige_beta": [0.004603553127202049], "prestige_param": [0.5889066598025172], "stressor_param": [0.17996028505381031], "interactions": [1], "coping_noise": [0.04152721870412214], "repeats": [200], "population_size": [502], "chronic_threshold": [0.0001], "stress_max": [100], "time": [500], "job_nr": [78]}}