{"data_file": "clean", "save_folder": "pre-test\\", "status_type": "linear", "distance_measure": "euclidean", "scenario": "normal", "dutch_w": 0.664, "turkish_w": 0.075, "moroccan_w": 0.13, "ghanaian_w": 0.021, "suriname_w": 0.11, "parameters": {"similarity_min": [0.12300647688722026], "ses_noise": [0], "psr_param": [0.3858213718377146], "recover_param": [0.002838500807418422], "prestige_beta": [0.04818226558785538], "prestige_param": [0.6855198275379943], "stressor_param": [0.25802388769497897], "interactions": [2], "coping_noise": [0.08941706241131024], "repeats": [10], "population_size": [502], "chronic_threshold": [0.0001], "stress_max": [10000], "time": [500], "job_nr": [390], "vul_param": [0]}}