{"data_file": "clean", "save_folder": "pre-test\\", "status_type": "linear", "distance_measure": "euclidean", "scenario": "normal", "dutch_w": 0.664, "turkish_w": 0.075, "moroccan_w": 0.13, "ghanaian_w": 0.021, "suriname_w": 0.11, "parameters": {"similarity_min": [0.9327105370456694], "ses_noise": [0], "psr_param": [0.3371797512654509], "recover_param": [0.040999799372685185], "prestige_beta": [0.042310192595842545], "prestige_param": [0.9822611380631856], "stressor_param": [0.4781881986840312], "interactions": [2], "coping_noise": [0.04591175984941331], "repeats": [10], "population_size": [502], "chronic_threshold": [0.0001], "stress_max": [10000], "time": [500], "job_nr": [146], "vul_param": [0]}}