{"data_file": "clean", "save_folder": "pre-test\\", "status_type": "linear", "distance_measure": "euclidean", "scenario": "normal", "dutch_w": 0.664, "turkish_w": 0.075, "moroccan_w": 0.13, "ghanaian_w": 0.021, "suriname_w": 0.11, "parameters": {"similarity_min": [0.5387551621116162], "ses_noise": [0], "psr_param": [0.5534028950662376], "recover_param": [0.03337833639445609], "prestige_beta": [0.014379492371351586], "prestige_param": [0.8944090387091032], "stressor_param": [0.3773323678211873], "interactions": [2], "coping_noise": [0.029852179568068488], "repeats": [10], "population_size": [502], "chronic_threshold": [0.0001], "stress_max": [10000], "time": [500], "job_nr": [266], "vul_param": [0]}}