{"data_file": "clean", "save_folder": "pre-test\\", "status_type": "linear", "distance_measure": "euclidean", "scenario": "normal", "dutch_w": 0.664, "turkish_w": 0.075, "moroccan_w": 0.13, "ghanaian_w": 0.021, "suriname_w": 0.11, "parameters": {"similarity_min": [0.7883684871647954], "ses_noise": [0], "psr_param": [0.3202802898901055], "recover_param": [0.03976741128200209], "prestige_beta": [0.027004673711611873], "prestige_param": [0.17925258439445346], "stressor_param": [0.12516688737068224], "interactions": [1], "coping_noise": [0.05271756567711491], "repeats": [10], "population_size": [502], "chronic_threshold": [0.0001], "stress_max": [10000], "time": [500], "job_nr": [55], "vul_param": [0]}}