{"data_file": "clean", "save_folder": "pre-test\\", "status_type": "linear", "distance_measure": "euclidean", "scenario": "normal", "dutch_w": 0.664, "turkish_w": 0.075, "moroccan_w": 0.13, "ghanaian_w": 0.021, "suriname_w": 0.11, "parameters": {"similarity_min": [0.3794815817444247], "ses_noise": [2], "psr_param": [0.8232468237296953], "recover_param": [0.09441570937994612], "prestige_beta": [0.03190311264078633], "prestige_param": [0.3327773563961503], "stressor_param": [0.3256771180335621], "interactions": [1], "coping_noise": [0.08911963890526406], "repeats": [10], "population_size": [502], "chronic_threshold": [0.0001], "stress_max": [10000], "time": [500], "job_nr": [260], "vul_param": [0]}}