{"data_file": "clean", "save_folder": "pre-test\\", "status_type": "linear", "distance_measure": "euclidean", "scenario": "normal", "dutch_w": 0.664, "turkish_w": 0.075, "moroccan_w": 0.13, "ghanaian_w": 0.021, "suriname_w": 0.11, "parameters": {"similarity_min": [0.16716513500551156], "ses_noise": [0], "psr_param": [0.514229248299124], "recover_param": [0.07616270119562399], "prestige_beta": [0.040229926489912325], "prestige_param": [0.1458582425369702], "stressor_param": [0.8891312015669348], "interactions": [2], "coping_noise": [0.04591439900716034], "repeats": [10], "population_size": [502], "chronic_threshold": [0.0001], "stress_max": [10000], "time": [500], "job_nr": [149], "vul_param": [0]}}