{"data_file": "clean", "save_folder": "pre-test\\", "status_type": "linear", "distance_measure": "euclidean", "scenario": "normal", "dutch_w": 0.664, "turkish_w": 0.075, "moroccan_w": 0.13, "ghanaian_w": 0.021, "suriname_w": 0.11, "parameters": {"similarity_min": [0.5025717013835502], "ses_noise": [1], "psr_param": [0.5873370848148178], "recover_param": [0.04375111180375369], "prestige_beta": [0.012229361517753445], "prestige_param": [0.6991470926461302], "stressor_param": [0.8732121566982667], "interactions": [2], "coping_noise": [0.024971055222422073], "repeats": [10], "population_size": [502], "chronic_threshold": [0.0001], "stress_max": [10000], "time": [500], "job_nr": [275], "vul_param": [0]}}