{"data_file": "clean", "save_folder": "pre-test\\", "status_type": "linear", "distance_measure": "euclidean", "scenario": "normal", "dutch_w": 0.664, "turkish_w": 0.075, "moroccan_w": 0.13, "ghanaian_w": 0.021, "suriname_w": 0.11, "parameters": {"similarity_min": [0.2228770424644363], "ses_noise": [1], "psr_param": [0.7465459593294832], "recover_param": [0.02396098880877804], "prestige_beta": [0.034705813979815106], "prestige_param": [0.654459745322419], "stressor_param": [0.7229389156736447], "interactions": [1], "coping_noise": [0.07413287644035464], "repeats": [10], "population_size": [502], "chronic_threshold": [0.0001], "stress_max": [10000], "time": [500], "job_nr": [199], "vul_param": [0]}}