{"data_file": "clean", "save_folder": "pre-test\\", "status_type": "linear", "distance_measure": "euclidean", "scenario": "normal", "dutch_w": 0.664, "turkish_w": 0.075, "moroccan_w": 0.13, "ghanaian_w": 0.021, "suriname_w": 0.11, "parameters": {"similarity_min": [0.849490728297829], "ses_noise": [2], "psr_param": [0.2861505803983013], "recover_param": [0.029093521063514472], "prestige_beta": [0.010000870008995313], "prestige_param": [0.17781987792558757], "stressor_param": [0.9762062654357899], "interactions": [1], "coping_noise": [0.015608656971306206], "repeats": [10], "population_size": [502], "chronic_threshold": [0.0001], "stress_max": [10000], "time": [500], "job_nr": [302], "vul_param": [0]}}