{"data_file": "clean", "save_folder": "pre-test\\", "status_type": "linear", "distance_measure": "euclidean", "scenario": "normal", "dutch_w": 0.664, "turkish_w": 0.075, "moroccan_w": 0.13, "ghanaian_w": 0.021, "suriname_w": 0.11, "parameters": {"similarity_min": [0.30531472433094325], "ses_noise": [3], "psr_param": [0.6378162953736384], "recover_param": [0.023528633333215306], "prestige_beta": [0.03235799526046378], "prestige_param": [0.3670154271060836], "stressor_param": [0.8321004377233597], "interactions": [2], "coping_noise": [0.047946152003833155], "repeats": [10], "population_size": [502], "chronic_threshold": [0.0001], "stress_max": [10000], "time": [500], "job_nr": [329], "vul_param": [0]}}