{"data_file": "clean", "save_folder": "pre-test\\", "status_type": "linear", "distance_measure": "euclidean", "scenario": "normal", "dutch_w": 0.664, "turkish_w": 0.075, "moroccan_w": 0.13, "ghanaian_w": 0.021, "suriname_w": 0.11, "parameters": {"similarity_min": [0.5399149778058921], "ses_noise": [2], "psr_param": [0.9347781655787993], "recover_param": [0.024450778995601757], "prestige_beta": [0.030009441738094483], "prestige_param": [0.2953841689004033], "stressor_param": [0.5587273299783201], "interactions": [1], "coping_noise": [0.0574171778090945], "repeats": [10], "population_size": [502], "chronic_threshold": [0.0001], "stress_max": [10000], "time": [500], "job_nr": [319], "vul_param": [0]}}