{"data_file": "clean", "save_folder": "pre-test\\", "status_type": "linear", "distance_measure": "euclidean", "scenario": "normal", "dutch_w": 0.664, "turkish_w": 0.075, "moroccan_w": 0.13, "ghanaian_w": 0.021, "suriname_w": 0.11, "parameters": {"similarity_min": [0.4186104761263998], "ses_noise": [2], "psr_param": [0.5374402365738348], "recover_param": [0.011334552204948195], "prestige_beta": [0.015392655840178914], "prestige_param": [0.9221080235164599], "stressor_param": [0.494229110808757], "interactions": [2], "coping_noise": [0.04088105269185603], "repeats": [10], "population_size": [502], "chronic_threshold": [0.0001], "stress_max": [10000], "time": [500], "job_nr": [377], "vul_param": [0]}}