{"data_file": "clean", "save_folder": "pre-test\\", "status_type": "linear", "distance_measure": "euclidean", "scenario": "normal", "dutch_w": 0.664, "turkish_w": 0.075, "moroccan_w": 0.13, "ghanaian_w": 0.021, "suriname_w": 0.11, "parameters": {"similarity_min": [0.3758563294246873], "ses_noise": [3], "psr_param": [0.8160238583229169], "recover_param": [0.04481826533685805], "prestige_beta": [0.025954496351615706], "prestige_param": [0.5100673462817324], "stressor_param": [0.4646777484231296], "interactions": [1], "coping_noise": [0.06677350815576205], "repeats": [10], "population_size": [502], "chronic_threshold": [0.0001], "stress_max": [10000], "time": [500], "job_nr": [456], "vul_param": [0]}}