{"data_file": "clean", "save_folder": "pre-test\\", "status_type": "linear", "distance_measure": "euclidean", "scenario": "normal", "dutch_w": 0.664, "turkish_w": 0.075, "moroccan_w": 0.13, "ghanaian_w": 0.021, "suriname_w": 0.11, "parameters": {"similarity_min": [0.7085202801662208], "ses_noise": [2], "psr_param": [0.33489662471600073], "recover_param": [0.08434195238403765], "prestige_beta": [0.04543562646521269], "prestige_param": [0.9473200236138322], "stressor_param": [0.6432365342516644], "interactions": [2], "coping_noise": [0.07399571914656079], "repeats": [10], "population_size": [502], "chronic_threshold": [0.0001], "stress_max": [10000], "time": [500], "job_nr": [273], "vul_param": [0]}}