{"data_file": "clean", "save_folder": "pre-test\\", "status_type": "linear", "distance_measure": "euclidean", "scenario": "normal", "dutch_w": 0.664, "turkish_w": 0.075, "moroccan_w": 0.13, "ghanaian_w": 0.021, "suriname_w": 0.11, "parameters": {"similarity_min": [0.026849356146291636], "ses_noise": [0.5182239645693445], "vul_param": [0.6146030881772335], "psr_param": [0.2535124355899851], "recover_param": [0.17880286105694068], "prestige_beta": [0.0023954857208115664], "prestige_param": [0.13175391520500004], "stressor_param": [0.802917649702244], "interactions": [1], "coping_noise": [0.0765200972476131], "repeats": [200], "population_size": [502], "chronic_threshold": [0.0001], "stress_max": [100], "time": [500], "job_nr": [52]}}