{"data_file": "clean", "save_folder": "pre-test\\", "status_type": "linear", "distance_measure": "euclidean", "scenario": "normal", "dutch_w": 0.664, "turkish_w": 0.075, "moroccan_w": 0.13, "ghanaian_w": 0.021, "suriname_w": 0.11, "parameters": {"similarity_min": [0.4805962617948838], "ses_noise": [3], "psr_param": [0.8558621957703471], "recover_param": [0.08436569634861467], "prestige_beta": [0.010475665517711522], "prestige_param": [0.3195767638246131], "stressor_param": [0.9217153103773914], "interactions": [1], "coping_noise": [0.013562009127145464], "repeats": [10], "population_size": [502], "chronic_threshold": [0.0001], "stress_max": [10000], "time": [500], "job_nr": [407], "vul_param": [0]}}