{"data_file": "clean", "save_folder": "pre-test\\", "status_type": "linear", "distance_measure": "euclidean", "scenario": "normal", "dutch_w": 0.664, "turkish_w": 0.075, "moroccan_w": 0.13, "ghanaian_w": 0.021, "suriname_w": 0.11, "parameters": {"similarity_min": [0.8263715265195157], "ses_noise": [2], "psr_param": [0.6262468084885955], "recover_param": [0.008235612471254128], "prestige_beta": [0.021056705216738254], "prestige_param": [0.6935001771530646], "stressor_param": [0.20365678491351968], "interactions": [1], "coping_noise": [0.05684936536933671], "repeats": [10], "population_size": [502], "chronic_threshold": [0.0001], "stress_max": [10000], "time": [500], "job_nr": [461], "vul_param": [0]}}