{"data_file": "clean", "save_folder": "pre-test\\", "status_type": "linear", "distance_measure": "euclidean", "scenario": "normal", "dutch_w": 0.664, "turkish_w": 0.075, "moroccan_w": 0.13, "ghanaian_w": 0.021, "suriname_w": 0.11, "parameters": {"similarity_min": [0.1649940022149854], "ses_noise": [2.8143794800988533], "vul_param": [0.35277898574944067], "psr_param": [0.6973100846960937], "recover_param": [0.17892767127969114], "prestige_beta": [0.0005171183755395716], "prestige_param": [0.2402815117385465], "stressor_param": [0.7925219279409349], "interactions": [2], "coping_noise": [0.054972855195901386], "repeats": [200], "population_size": [502], "chronic_threshold": [0.0001], "stress_max": [100], "time": [500], "job_nr": [0]}}