{"data_file": "clean", "save_folder": "pre-test\\", "status_type": "linear", "distance_measure": "euclidean", "scenario": "normal", "dutch_w": 0.664, "turkish_w": 0.075, "moroccan_w": 0.13, "ghanaian_w": 0.021, "suriname_w": 0.11, "parameters": {"similarity_min": [0.43311803076428923], "ses_noise": [3], "psr_param": [0.5117193799268419], "recover_param": [0.05001428513536052], "prestige_beta": [0.04248280836775173], "prestige_param": [0.8445842751641465], "stressor_param": [0.4147597403528206], "interactions": [2], "coping_noise": [0.07910115041504824], "repeats": [10], "population_size": [502], "chronic_threshold": [0.0001], "stress_max": [10000], "time": [500], "job_nr": [203], "vul_param": [0]}}