{"data_file": "clean", "save_folder": "pre-test\\", "status_type": "linear", "distance_measure": "euclidean", "scenario": "normal", "dutch_w": 0.664, "turkish_w": 0.075, "moroccan_w": 0.13, "ghanaian_w": 0.021, "suriname_w": 0.11, "parameters": {"similarity_min": [0.6005625596011696], "ses_noise": [2], "psr_param": [0.37431375600448025], "recover_param": [0.042136426038891284], "prestige_beta": [0.048042010785155145], "prestige_param": [0.4199301116980029], "stressor_param": [0.7875955838709868], "interactions": [1], "coping_noise": [0.044159068875471226], "repeats": [10], "population_size": [502], "chronic_threshold": [0.0001], "stress_max": [10000], "time": [500], "job_nr": [392], "vul_param": [0]}}