{"data_file": "clean", "save_folder": "pre-test\\", "status_type": "linear", "distance_measure": "euclidean", "scenario": "normal", "dutch_w": 0.664, "turkish_w": 0.075, "moroccan_w": 0.13, "ghanaian_w": 0.021, "suriname_w": 0.11, "parameters": {"similarity_min": [0.43096010105524496], "ses_noise": [0], "psr_param": [0.3466111002332144], "recover_param": [0.0956588342261118], "prestige_beta": [0.007154415544495726], "prestige_param": [0.6406937813437104], "stressor_param": [0.7669130603095946], "interactions": [2], "coping_noise": [0.029822564477632263], "repeats": [10], "population_size": [502], "chronic_threshold": [0.0001], "stress_max": [10000], "time": [500], "job_nr": [441], "vul_param": [0]}}