{"data_file": "clean", "save_folder": "pre-test\\", "status_type": "linear", "distance_measure": "euclidean", "scenario": "normal", "dutch_w": 0.664, "turkish_w": 0.075, "moroccan_w": 0.13, "ghanaian_w": 0.021, "suriname_w": 0.11, "parameters": {"similarity_min": [0.2964272156463689], "ses_noise": [3], "psr_param": [0.4037786645171858], "recover_param": [0.06807477787809899], "prestige_beta": [0.03979420696664642], "prestige_param": [0.9206545575768585], "stressor_param": [0.8990032620702382], "interactions": [2], "coping_noise": [0.020657445320326887], "repeats": [10], "population_size": [502], "chronic_threshold": [0.0001], "stress_max": [10000], "time": [500], "job_nr": [183], "vul_param": [0]}}