{"data_file": "clean", "save_folder": "pre-test\\", "status_type": "linear", "distance_measure": "euclidean", "scenario": "normal", "dutch_w": 0.664, "turkish_w": 0.075, "moroccan_w": 0.13, "ghanaian_w": 0.021, "suriname_w": 0.11, "parameters": {"similarity_min": [0.5592550716585803], "ses_noise": [1], "psr_param": [0.26332837956482125], "recover_param": [0.013072894796254182], "prestige_beta": [0.008971994508866734], "prestige_param": [0.8551658895829563], "stressor_param": [0.9943458491328537], "interactions": [2], "coping_noise": [0.051260886809402106], "repeats": [10], "population_size": [502], "chronic_threshold": [0.0001], "stress_max": [10000], "time": [500], "job_nr": [123], "vul_param": [0]}}