{"data_file": "clean", "save_folder": "pre-test\\", "status_type": "linear", "distance_measure": "euclidean", "scenario": "normal", "dutch_w": 0.664, "turkish_w": 0.075, "moroccan_w": 0.13, "ghanaian_w": 0.021, "suriname_w": 0.11, "parameters": {"similarity_min": [0.34001068573473414], "ses_noise": [0], "psr_param": [0.9783840686333515], "recover_param": [0.07185540612282104], "prestige_beta": [0.03770214996124514], "prestige_param": [0.9124617987723493], "stressor_param": [0.260335665986808], "interactions": [2], "coping_noise": [0.08966527923361184], "repeats": [10], "population_size": [502], "chronic_threshold": [0.0001], "stress_max": [10000], "time": [500], "job_nr": [138], "vul_param": [0]}}