{"data_file": "clean", "save_folder": "pre-test\\", "status_type": "linear", "distance_measure": "euclidean", "scenario": "normal", "dutch_w": 0.664, "turkish_w": 0.075, "moroccan_w": 0.13, "ghanaian_w": 0.021, "suriname_w": 0.11, "parameters": {"similarity_min": [0.2293389132415815], "ses_noise": [1.1846523756117044], "vul_param": [0.19469087843945632], "psr_param": [0.5979909347384988], "recover_param": [0.18062684371057997], "prestige_beta": [0.0014839239586780365], "prestige_param": [0.13560551424480216], "stressor_param": [0.7252200873797823], "interactions": [1], "coping_noise": [0.010868238580058191], "repeats": [200], "population_size": [502], "chronic_threshold": [0.0001], "stress_max": [100], "time": [500], "job_nr": [13]}}