{"data_file": "clean", "save_folder": "pre-test\\", "status_type": "linear", "distance_measure": "euclidean", "scenario": "normal", "dutch_w": 0.664, "turkish_w": 0.075, "moroccan_w": 0.13, "ghanaian_w": 0.021, "suriname_w": 0.11, "parameters": {"similarity_min": [0.19002623035087474], "ses_noise": [1.5973273997028186], "vul_param": [0.5056512517568239], "psr_param": [0.520422021488363], "recover_param": [0.1257211390241591], "prestige_beta": [0.00333168877315868], "prestige_param": [0.4161673296912841], "stressor_param": [0.17475514771899558], "interactions": [2], "coping_noise": [0.03927755688976176], "repeats": [200], "population_size": [502], "chronic_threshold": [0.0001], "stress_max": [100], "time": [500], "job_nr": [56]}}