{"data_file": "clean", "save_folder": "pre-test\\", "status_type": "linear", "distance_measure": "euclidean", "scenario": "normal", "dutch_w": 0.664, "turkish_w": 0.075, "moroccan_w": 0.13, "ghanaian_w": 0.021, "suriname_w": 0.11, "parameters": {"similarity_min": [0.6072022360391899], "ses_noise": [1], "psr_param": [0.4914296754792943], "recover_param": [0.027428597299190435], "prestige_beta": [0.03364413602477001], "prestige_param": [0.9012177907034259], "stressor_param": [0.7033229951582936], "interactions": [2], "coping_noise": [0.09618905998755876], "repeats": [10], "population_size": [502], "chronic_threshold": [0.0001], "stress_max": [10000], "time": [500], "job_nr": [221], "vul_param": [0]}}