{"data_file": "clean", "save_folder": "pre-test\\", "status_type": "linear", "distance_measure": "euclidean", "scenario": "normal", "dutch_w": 0.664, "turkish_w": 0.075, "moroccan_w": 0.13, "ghanaian_w": 0.021, "suriname_w": 0.11, "parameters": {"similarity_min": [0.8693663074994596], "ses_noise": [1], "psr_param": [0.171415960959661], "recover_param": [0.06633930668296335], "prestige_beta": [0.03309722937890281], "prestige_param": [0.8344235774722475], "stressor_param": [0.4125921026111379], "interactions": [2], "coping_noise": [0.015187815306647444], "repeats": [10], "population_size": [502], "chronic_threshold": [0.0001], "stress_max": [10000], "time": [500], "job_nr": [204], "vul_param": [0]}}