{"data_file": "clean", "save_folder": "pre-test\\", "status_type": "linear", "distance_measure": "euclidean", "scenario": "normal", "dutch_w": 0.664, "turkish_w": 0.075, "moroccan_w": 0.13, "ghanaian_w": 0.021, "suriname_w": 0.11, "parameters": {"similarity_min": [0.7867258828344792], "ses_noise": [0], "psr_param": [0.28908315190732076], "recover_param": [0.0584806557565172], "prestige_beta": [0.0477216845423908], "prestige_param": [0.6760213329576976], "stressor_param": [0.35286820727643187], "interactions": [1], "coping_noise": [0.032435863412739574], "repeats": [10], "population_size": [502], "chronic_threshold": [0.0001], "stress_max": [10000], "time": [500], "job_nr": [417], "vul_param": [0]}}