{"data_file": "clean", "save_folder": "pre-test\\", "status_type": "linear", "distance_measure": "euclidean", "scenario": "normal", "dutch_w": 0.664, "turkish_w": 0.075, "moroccan_w": 0.13, "ghanaian_w": 0.021, "suriname_w": 0.11, "parameters": {"similarity_min": [0.9691371993384212], "ses_noise": [0], "psr_param": [0.7477552663057451], "recover_param": [0.044524164355538874], "prestige_beta": [0.02139925211312656], "prestige_param": [0.31534378522754397], "stressor_param": [0.6307023539190111], "interactions": [1], "coping_noise": [0.0833321511805516], "repeats": [10], "population_size": [502], "chronic_threshold": [0.0001], "stress_max": [10000], "time": [500], "job_nr": [187], "vul_param": [0]}}