{"data_file": "clean", "save_folder": "pre-test\\", "status_type": "linear", "distance_measure": "euclidean", "scenario": "normal", "dutch_w": 0.664, "turkish_w": 0.075, "moroccan_w": 0.13, "ghanaian_w": 0.021, "suriname_w": 0.11, "parameters": {"similarity_min": [0.590043474639367], "ses_noise": [2], "psr_param": [0.8665244778904243], "recover_param": [0.016298916913623156], "prestige_beta": [0.005851921884483451], "prestige_param": [0.5432612921205525], "stressor_param": [0.4965265245702515], "interactions": [1], "coping_noise": [0.08832003538986745], "repeats": [10], "population_size": [502], "chronic_threshold": [0.0001], "stress_max": [10000], "time": [500], "job_nr": [489], "vul_param": [0]}}