{"data_file": "clean", "save_folder": "pre-test\\", "status_type": "linear", "distance_measure": "euclidean", "scenario": "normal", "dutch_w": 0.664, "turkish_w": 0.075, "moroccan_w": 0.13, "ghanaian_w": 0.021, "suriname_w": 0.11, "parameters": {"similarity_min": [0.9124391530937966], "ses_noise": [0], "psr_param": [0.8191280695481434], "recover_param": [0.07855462383550013], "prestige_beta": [0.0323323383932937], "prestige_param": [0.8775720104056939], "stressor_param": [0.6358067010824161], "interactions": [2], "coping_noise": [0.026096760692226877], "repeats": [10], "population_size": [502], "chronic_threshold": [0.0001], "stress_max": [10000], "time": [500], "job_nr": [278], "vul_param": [0]}}