{"data_file": "clean", "save_folder": "pre-test\\", "status_type": "linear", "distance_measure": "euclidean", "scenario": "normal", "dutch_w": 0.664, "turkish_w": 0.075, "moroccan_w": 0.13, "ghanaian_w": 0.021, "suriname_w": 0.11, "parameters": {"similarity_min": [0.6887861641077573], "ses_noise": [3], "psr_param": [0.13231298674152564], "recover_param": [0.00768692294013026], "prestige_beta": [0.046598137573491516], "prestige_param": [0.669003948606747], "stressor_param": [0.6602708689043446], "interactions": [1], "coping_noise": [0.013012274567587455], "repeats": [10], "population_size": [502], "chronic_threshold": [0.0001], "stress_max": [10000], "time": [500], "job_nr": [425], "vul_param": [0]}}