{"data_file": "clean", "save_folder": "pre-test\\", "status_type": "linear", "distance_measure": "euclidean", "scenario": "normal", "dutch_w": 0.664, "turkish_w": 0.075, "moroccan_w": 0.13, "ghanaian_w": 0.021, "suriname_w": 0.11, "parameters": {"similarity_min": [0.01743212426517793], "ses_noise": [0.21262675689677946], "vul_param": [0.6391290602825062], "psr_param": [0.7075875026744528], "recover_param": [0.11235548655315235], "prestige_beta": [0.001195460451282264], "prestige_param": [0.4572312606837885], "stressor_param": [0.46239544245343245], "interactions": [2], "coping_noise": [0.07948904459383101], "repeats": [200], "population_size": [502], "chronic_threshold": [0.0001], "stress_max": [100], "time": [500], "job_nr": [85]}}