{"data_file": "clean", "save_folder": "pre-test\\", "status_type": "linear", "distance_measure": "euclidean", "scenario": "normal", "dutch_w": 0.664, "turkish_w": 0.075, "moroccan_w": 0.13, "ghanaian_w": 0.021, "suriname_w": 0.11, "parameters": {"similarity_min": [0.9390870906190136], "ses_noise": [3], "psr_param": [0.17667043513834504], "recover_param": [0.03506962798816967], "prestige_beta": [0.038052380562877484], "prestige_param": [0.8146009974388592], "stressor_param": [0.16695667999908942], "interactions": [1], "coping_noise": [0.09407907025550138], "repeats": [10], "population_size": [502], "chronic_threshold": [0.0001], "stress_max": [10000], "time": [500], "job_nr": [321], "vul_param": [0]}}