{"data_file": "clean", "save_folder": "pre-test\\", "status_type": "linear", "distance_measure": "euclidean", "scenario": "normal", "dutch_w": 0.664, "turkish_w": 0.075, "moroccan_w": 0.13, "ghanaian_w": 0.021, "suriname_w": 0.11, "parameters": {"similarity_min": [0.9712595378013557], "ses_noise": [2], "psr_param": [0.2603478204854653], "recover_param": [0.05846109747173519], "prestige_beta": [0.04685210336987103], "prestige_param": [0.5706540400169167], "stressor_param": [0.28764958053667317], "interactions": [2], "coping_noise": [0.05459937592631541], "repeats": [10], "population_size": [502], "chronic_threshold": [0.0001], "stress_max": [10000], "time": [500], "job_nr": [81], "vul_param": [0]}}