{"data_file": "clean", "save_folder": "pre-test\\", "status_type": "linear", "distance_measure": "euclidean", "scenario": "normal", "dutch_w": 0.664, "turkish_w": 0.075, "moroccan_w": 0.13, "ghanaian_w": 0.021, "suriname_w": 0.11, "parameters": {"similarity_min": [0.6842336827870099], "ses_noise": [0], "psr_param": [0.4023310201041803], "recover_param": [0.04248709691959084], "prestige_beta": [0.039080350782659846], "prestige_param": [0.5808757598721656], "stressor_param": [0.19151653830031035], "interactions": [2], "coping_noise": [0.07443472948518798], "repeats": [10], "population_size": [502], "chronic_threshold": [0.0001], "stress_max": [10000], "time": [500], "job_nr": [24], "vul_param": [0]}}