{"data_file": "clean", "save_folder": "pre-test\\", "status_type": "linear", "distance_measure": "euclidean", "scenario": "normal", "dutch_w": 0.664, "turkish_w": 0.075, "moroccan_w": 0.13, "ghanaian_w": 0.021, "suriname_w": 0.11, "parameters": {"similarity_min": [0.28209420291259424], "ses_noise": [0.6588418203603834], "vul_param": [0.7708095423326867], "psr_param": [0.9816668948894413], "recover_param": [0.14255393105125153], "prestige_beta": [0.003449418825295094], "prestige_param": [0.43873857691929063], "stressor_param": [0.8832031370271272], "interactions": [2], "coping_noise": [0.05826356332212073], "repeats": [200], "population_size": [502], "chronic_threshold": [0.0001], "stress_max": [100], "time": [500], "job_nr": [46]}}