{"data_file": "clean", "save_folder": "pre-test\\", "status_type": "linear", "distance_measure": "euclidean", "scenario": "normal", "dutch_w": 0.664, "turkish_w": 0.075, "moroccan_w": 0.13, "ghanaian_w": 0.021, "suriname_w": 0.11, "parameters": {"similarity_min": [0.11562805655048276], "ses_noise": [1], "psr_param": [0.9870749581892224], "recover_param": [0.040128304916480145], "prestige_beta": [0.04345530484501888], "prestige_param": [0.650322809328025], "stressor_param": [0.8370959110446903], "interactions": [1], "coping_noise": [0.06595635387723346], "repeats": [10], "population_size": [502], "chronic_threshold": [0.0001], "stress_max": [10000], "time": [500], "job_nr": [393], "vul_param": [0]}}