{"data_file": "clean", "save_folder": "pre-test\\", "status_type": "linear", "distance_measure": "euclidean", "scenario": "normal", "dutch_w": 0.664, "turkish_w": 0.075, "moroccan_w": 0.13, "ghanaian_w": 0.021, "suriname_w": 0.11, "parameters": {"similarity_min": [0.8357171677278185], "ses_noise": [1], "psr_param": [0.49806001615350337], "recover_param": [0.010727028815107145], "prestige_beta": [0.022410694489465203], "prestige_param": [0.5314328930005412], "stressor_param": [0.39770891368268835], "interactions": [2], "coping_noise": [0.08236513341887601], "repeats": [10], "population_size": [502], "chronic_threshold": [0.0001], "stress_max": [10000], "time": [500], "job_nr": [443], "vul_param": [0]}}