{"data_file": "clean", "save_folder": "pre-test\\", "status_type": "linear", "distance_measure": "euclidean", "scenario": "normal", "dutch_w": 0.664, "turkish_w": 0.075, "moroccan_w": 0.13, "ghanaian_w": 0.021, "suriname_w": 0.11, "parameters": {"similarity_min": [0.8964565505157536], "ses_noise": [2], "psr_param": [0.48552264335056583], "recover_param": [0.030202912040897055], "prestige_beta": [0.013346479413551889], "prestige_param": [0.40810948379558276], "stressor_param": [0.5044786002068147], "interactions": [2], "coping_noise": [0.09677364587745614], "repeats": [10], "population_size": [502], "chronic_threshold": [0.0001], "stress_max": [10000], "time": [500], "job_nr": [228], "vul_param": [0]}}