{"data_file": "clean", "save_folder": "pre-test\\", "status_type": "linear", "distance_measure": "euclidean", "scenario": "normal", "dutch_w": 0.664, "turkish_w": 0.075, "moroccan_w": 0.13, "ghanaian_w": 0.021, "suriname_w": 0.11, "parameters": {"similarity_min": [0.7254010159027054], "ses_noise": [0], "psr_param": [0.6314412705892437], "recover_param": [0.009218702651997816], "prestige_beta": [0.006791569815908071], "prestige_param": [0.5173437544421297], "stressor_param": [0.855679247561568], "interactions": [1], "coping_noise": [0.01679882392324659], "repeats": [10], "population_size": [502], "chronic_threshold": [0.0001], "stress_max": [10000], "time": [500], "job_nr": [254], "vul_param": [0]}}