{"data_file": "clean", "save_folder": "pre-test\\", "status_type": "linear", "distance_measure": "euclidean", "scenario": "normal", "dutch_w": 0.664, "turkish_w": 0.075, "moroccan_w": 0.13, "ghanaian_w": 0.021, "suriname_w": 0.11, "parameters": {"similarity_min": [0.7871457301326915], "ses_noise": [2], "psr_param": [0.9746809100636254], "recover_param": [0.03180980591454723], "prestige_beta": [0.016592128038192936], "prestige_param": [0.5385808768457877], "stressor_param": [0.3753566241160531], "interactions": [2], "coping_noise": [0.01353958894498876], "repeats": [10], "population_size": [502], "chronic_threshold": [0.0001], "stress_max": [10000], "time": [500], "job_nr": [108], "vul_param": [0]}}