{"data_file": "clean", "save_folder": "pre-test\\", "status_type": "linear", "distance_measure": "euclidean", "scenario": "normal", "dutch_w": 0.664, "turkish_w": 0.075, "moroccan_w": 0.13, "ghanaian_w": 0.021, "suriname_w": 0.11, "parameters": {"similarity_min": [0.9184115359153212], "ses_noise": [1], "psr_param": [0.21816973174513654], "recover_param": [0.05604627146376142], "prestige_beta": [0.02577355829512714], "prestige_param": [0.40645497873655567], "stressor_param": [0.15079258671286883], "interactions": [1], "coping_noise": [0.07721401042314475], "repeats": [10], "population_size": [502], "chronic_threshold": [0.0001], "stress_max": [10000], "time": [500], "job_nr": [145], "vul_param": [0]}}