{"data_file": "clean", "save_folder": "pre-test\\", "status_type": "linear", "distance_measure": "euclidean", "scenario": "normal", "dutch_w": 0.664, "turkish_w": 0.075, "moroccan_w": 0.13, "ghanaian_w": 0.021, "suriname_w": 0.11, "parameters": {"similarity_min": [0.22235528830832135], "ses_noise": [3], "psr_param": [0.4458021024318002], "recover_param": [0.030123104902261756], "prestige_beta": [0.022064608719987642], "prestige_param": [0.5543344271983178], "stressor_param": [0.5817311740459531], "interactions": [2], "coping_noise": [0.017241983667282565], "repeats": [10], "population_size": [502], "chronic_threshold": [0.0001], "stress_max": [10000], "time": [500], "job_nr": [251], "vul_param": [0]}}