{"data_file": "clean", "save_folder": "pre-test\\", "status_type": "linear", "distance_measure": "euclidean", "scenario": "normal", "dutch_w": 0.664, "turkish_w": 0.075, "moroccan_w": 0.13, "ghanaian_w": 0.021, "suriname_w": 0.11, "parameters": {"similarity_min": [0.35097748988094835], "ses_noise": [2], "psr_param": [0.37444020378455667], "recover_param": [0.06398153212414259], "prestige_beta": [0.038157729272724615], "prestige_param": [0.5973669501700396], "stressor_param": [0.8348381469432969], "interactions": [1], "coping_noise": [0.03601340494776441], "repeats": [10], "population_size": [502], "chronic_threshold": [0.0001], "stress_max": [10000], "time": [500], "job_nr": [90], "vul_param": [0]}}