{"data_file": "clean", "save_folder": "pre-test\\", "status_type": "linear", "distance_measure": "euclidean", "scenario": "normal", "dutch_w": 0.664, "turkish_w": 0.075, "moroccan_w": 0.13, "ghanaian_w": 0.021, "suriname_w": 0.11, "parameters": {"similarity_min": [0.4817122712177806], "ses_noise": [0.09601410343153804], "vul_param": [0.3325619613529869], "psr_param": [0.9925153210353287], "recover_param": [0.11044440127573452], "prestige_beta": [0.0014705653971596817], "prestige_param": [0.9738929599949924], "stressor_param": [0.3071719749398606], "interactions": [2], "coping_noise": [0.06394614478171816], "repeats": [200], "population_size": [502], "chronic_threshold": [0.0001], "stress_max": [100], "time": [500], "job_nr": [4]}}