{"data_file": "clean", "save_folder": "pre-test\\", "status_type": "linear", "distance_measure": "euclidean", "scenario": "normal", "dutch_w": 0.664, "turkish_w": 0.075, "moroccan_w": 0.13, "ghanaian_w": 0.021, "suriname_w": 0.11, "parameters": {"similarity_min": [0.8367266902766721], "ses_noise": [0], "psr_param": [0.5581548157282281], "recover_param": [0.0746705318623756], "prestige_beta": [0.02427937537696438], "prestige_param": [0.10167356924762191], "stressor_param": [0.7257529894658631], "interactions": [2], "coping_noise": [0.019252014611196994], "repeats": [10], "population_size": [502], "chronic_threshold": [0.0001], "stress_max": [10000], "time": [500], "job_nr": [481], "vul_param": [0]}}