{"data_file": "clean", "save_folder": "pre-test\\", "status_type": "linear", "distance_measure": "euclidean", "scenario": "normal", "dutch_w": 0.664, "turkish_w": 0.075, "moroccan_w": 0.13, "ghanaian_w": 0.021, "suriname_w": 0.11, "parameters": {"similarity_min": [0.35230940371604724], "ses_noise": [0.6082243165270682], "vul_param": [0.9538480217253241], "psr_param": [0.4890486648687824], "recover_param": [0.17848745808831573], "prestige_beta": [0.002322552934337245], "prestige_param": [0.15037118833832921], "stressor_param": [0.4066647797415055], "interactions": [1], "coping_noise": [0.07266664560315503], "repeats": [200], "population_size": [502], "chronic_threshold": [0.0001], "stress_max": [100], "time": [500], "job_nr": [94]}}