{"data_file": "clean", "save_folder": "pre-test\\", "status_type": "linear", "distance_measure": "euclidean", "scenario": "normal", "dutch_w": 0.664, "turkish_w": 0.075, "moroccan_w": 0.13, "ghanaian_w": 0.021, "suriname_w": 0.11, "parameters": {"similarity_min": [0.5601589811332713], "ses_noise": [1], "psr_param": [0.887812151453424], "recover_param": [0.0025753468101560395], "prestige_beta": [0.04515193344491404], "prestige_param": [0.4968311304319104], "stressor_param": [0.8813292445960729], "interactions": [2], "coping_noise": [0.04008723628718589], "repeats": [10], "population_size": [502], "chronic_threshold": [0.0001], "stress_max": [10000], "time": [500], "job_nr": [206], "vul_param": [0]}}