{"data_file": "clean", "save_folder": "pre-test\\", "status_type": "linear", "distance_measure": "euclidean", "scenario": "normal", "dutch_w": 0.664, "turkish_w": 0.075, "moroccan_w": 0.13, "ghanaian_w": 0.021, "suriname_w": 0.11, "parameters": {"similarity_min": [0.3815850681354961], "ses_noise": [2], "psr_param": [0.8349344193002314], "recover_param": [0.04321946025504351], "prestige_beta": [0.018680618666755765], "prestige_param": [0.3291817828599498], "stressor_param": [0.9327158746148625], "interactions": [2], "coping_noise": [0.07724643914302347], "repeats": [10], "population_size": [502], "chronic_threshold": [0.0001], "stress_max": [10000], "time": [500], "job_nr": [26], "vul_param": [0]}}