{"data_file": "clean", "save_folder": "pre-test\\", "status_type": "linear", "distance_measure": "euclidean", "scenario": "normal", "dutch_w": 0.664, "turkish_w": 0.075, "moroccan_w": 0.13, "ghanaian_w": 0.021, "suriname_w": 0.11, "parameters": {"similarity_min": [0.6835051388108812], "ses_noise": [3], "psr_param": [0.30480493967289757], "recover_param": [0.054098591712177735], "prestige_beta": [0.014656027004928827], "prestige_param": [0.8254892365740226], "stressor_param": [0.4672676753077222], "interactions": [2], "coping_noise": [0.07496206262598215], "repeats": [10], "population_size": [502], "chronic_threshold": [0.0001], "stress_max": [10000], "time": [500], "job_nr": [416], "vul_param": [0]}}