{"data_file": "clean", "save_folder": "pre-test\\", "status_type": "linear", "distance_measure": "euclidean", "scenario": "normal", "dutch_w": 0.664, "turkish_w": 0.075, "moroccan_w": 0.13, "ghanaian_w": 0.021, "suriname_w": 0.11, "parameters": {"similarity_min": [0.8433944224702471], "ses_noise": [0], "psr_param": [0.3571284314420734], "recover_param": [0.03371423324981762], "prestige_beta": [0.049812474228802764], "prestige_param": [0.21188437422354972], "stressor_param": [0.8661078342354827], "interactions": [1], "coping_noise": [0.0978803614869988], "repeats": [10], "population_size": [502], "chronic_threshold": [0.0001], "stress_max": [10000], "time": [500], "job_nr": [383], "vul_param": [0]}}