{"data_file": "clean", "save_folder": "pre-test\\", "status_type": "linear", "distance_measure": "euclidean", "scenario": "normal", "dutch_w": 0.664, "turkish_w": 0.075, "moroccan_w": 0.13, "ghanaian_w": 0.021, "suriname_w": 0.11, "parameters": {"similarity_min": [0.7078300021272567], "ses_noise": [2], "psr_param": [0.345104211814255], "recover_param": [0.008835887497115204], "prestige_beta": [0.015927565378107866], "prestige_param": [0.7402425067743974], "stressor_param": [0.9045005137837999], "interactions": [1], "coping_noise": [0.021212667301806057], "repeats": [10], "population_size": [502], "chronic_threshold": [0.0001], "stress_max": [10000], "time": [500], "job_nr": [222], "vul_param": [0]}}