{"data_file": "clean", "save_folder": "pre-test\\", "status_type": "linear", "distance_measure": "euclidean", "scenario": "normal", "dutch_w": 0.664, "turkish_w": 0.075, "moroccan_w": 0.13, "ghanaian_w": 0.021, "suriname_w": 0.11, "parameters": {"similarity_min": [0.8492198339599817], "ses_noise": [3], "psr_param": [0.7453211895198043], "recover_param": [0.02071945350529673], "prestige_beta": [0.015420375393679915], "prestige_param": [0.6038864602239863], "stressor_param": [0.28171699171975473], "interactions": [2], "coping_noise": [0.08856939764538266], "repeats": [10], "population_size": [502], "chronic_threshold": [0.0001], "stress_max": [10000], "time": [500], "job_nr": [369], "vul_param": [0]}}