{"data_file": "clean", "save_folder": "pre-test\\", "status_type": "linear", "distance_measure": "euclidean", "scenario": "normal", "dutch_w": 0.664, "turkish_w": 0.075, "moroccan_w": 0.13, "ghanaian_w": 0.021, "suriname_w": 0.11, "parameters": {"similarity_min": [0.5810743131874632], "ses_noise": [0], "psr_param": [0.8705196727258345], "recover_param": [0.011025508999798875], "prestige_beta": [0.01743417096342559], "prestige_param": [0.2882320420496542], "stressor_param": [0.9333316764178772], "interactions": [1], "coping_noise": [0.058378080917292664], "repeats": [10], "population_size": [502], "chronic_threshold": [0.0001], "stress_max": [10000], "time": [500], "job_nr": [237], "vul_param": [0]}}