{"data_file": "clean", "save_folder": "pre-test\\", "status_type": "linear", "distance_measure": "euclidean", "scenario": "normal", "dutch_w": 0.664, "turkish_w": 0.075, "moroccan_w": 0.13, "ghanaian_w": 0.021, "suriname_w": 0.11, "parameters": {"similarity_min": [0.2925457628564418], "ses_noise": [0.268156885691223], "vul_param": [0.6804062730845195], "psr_param": [0.2236553070982156], "recover_param": [0.1774896921140831], "prestige_beta": [0.0027410359208158088], "prestige_param": [0.17229540607349375], "stressor_param": [0.1459693896729866], "interactions": [2], "coping_noise": [0.07979964093325327], "repeats": [200], "population_size": [502], "chronic_threshold": [0.0001], "stress_max": [100], "time": [500], "job_nr": [49]}}