{"data_file": "clean", "save_folder": "pre-test\\", "status_type": "linear", "distance_measure": "euclidean", "scenario": "normal", "dutch_w": 0.664, "turkish_w": 0.075, "moroccan_w": 0.13, "ghanaian_w": 0.021, "suriname_w": 0.11, "parameters": {"similarity_min": [0.8092047862328127], "ses_noise": [1], "psr_param": [0.7245099677828607], "recover_param": [0.011357669295485255], "prestige_beta": [0.005360591162675372], "prestige_param": [0.395887049125633], "stressor_param": [0.922301688386716], "interactions": [1], "coping_noise": [0.016931725414798184], "repeats": [10], "population_size": [502], "chronic_threshold": [0.0001], "stress_max": [10000], "time": [500], "job_nr": [488], "vul_param": [0]}}