{"data_file": "clean", "save_folder": "pre-test\\", "status_type": "linear", "distance_measure": "euclidean", "scenario": "normal", "dutch_w": 0.664, "turkish_w": 0.075, "moroccan_w": 0.13, "ghanaian_w": 0.021, "suriname_w": 0.11, "parameters": {"similarity_min": [0.1650613886632234], "ses_noise": [3], "psr_param": [0.9361271719559268], "recover_param": [0.058510948673330045], "prestige_beta": [0.024301623974167953], "prestige_param": [0.5679287067830373], "stressor_param": [0.887122812749967], "interactions": [2], "coping_noise": [0.03189571430032238], "repeats": [10], "population_size": [502], "chronic_threshold": [0.0001], "stress_max": [10000], "time": [500], "job_nr": [460], "vul_param": [0]}}