{"data_file": "clean", "save_folder": "pre-test\\", "status_type": "linear", "distance_measure": "euclidean", "scenario": "normal", "dutch_w": 0.664, "turkish_w": 0.075, "moroccan_w": 0.13, "ghanaian_w": 0.021, "suriname_w": 0.11, "parameters": {"similarity_min": [0.1556145841447958], "ses_noise": [3], "psr_param": [0.266023511023478], "recover_param": [0.03817101547107347], "prestige_beta": [0.035594308114562094], "prestige_param": [0.5293826471456655], "stressor_param": [0.45634908804072827], "interactions": [1], "coping_noise": [0.07425341028896826], "repeats": [10], "population_size": [502], "chronic_threshold": [0.0001], "stress_max": [10000], "time": [500], "job_nr": [391], "vul_param": [0]}}