{"data_file": "clean", "save_folder": "pre-test\\", "status_type": "linear", "distance_measure": "euclidean", "scenario": "normal", "dutch_w": 0.664, "turkish_w": 0.075, "moroccan_w": 0.13, "ghanaian_w": 0.021, "suriname_w": 0.11, "parameters": {"similarity_min": [0.3671277105559974], "ses_noise": [0.15986145958314446], "vul_param": [0.9033921570503262], "psr_param": [0.9769487144476614], "recover_param": [0.1749148149065995], "prestige_beta": [0.0036358806766708545], "prestige_param": [0.28163286687666034], "stressor_param": [0.6314416366632889], "interactions": [1], "coping_noise": [0.046695550039656114], "repeats": [200], "population_size": [502], "chronic_threshold": [0.0001], "stress_max": [100], "time": [500], "job_nr": [63]}}