{"data_file": "clean", "save_folder": "pre-test\\", "status_type": "linear", "distance_measure": "euclidean", "scenario": "normal", "dutch_w": 0.664, "turkish_w": 0.075, "moroccan_w": 0.13, "ghanaian_w": 0.021, "suriname_w": 0.11, "parameters": {"similarity_min": [0.19169973540746327], "ses_noise": [2], "psr_param": [0.5644828883472006], "recover_param": [0.07386171824465587], "prestige_beta": [0.03487104409032106], "prestige_param": [0.47220058882763183], "stressor_param": [0.7731247582994835], "interactions": [2], "coping_noise": [0.015760093502079346], "repeats": [10], "population_size": [502], "chronic_threshold": [0.0001], "stress_max": [10000], "time": [500], "job_nr": [39], "vul_param": [0]}}