{"data_file": "clean", "save_folder": "pre-test\\", "status_type": "linear", "distance_measure": "euclidean", "scenario": "normal", "dutch_w": 0.664, "turkish_w": 0.075, "moroccan_w": 0.13, "ghanaian_w": 0.021, "suriname_w": 0.11, "parameters": {"similarity_min": [0.9367598821695415], "ses_noise": [1], "psr_param": [0.9436293838927224], "recover_param": [0.036666853393966324], "prestige_beta": [0.046717772448437], "prestige_param": [0.39080123423106283], "stressor_param": [0.9472614123816023], "interactions": [2], "coping_noise": [0.012698322890131713], "repeats": [10], "population_size": [502], "chronic_threshold": [0.0001], "stress_max": [10000], "time": [500], "job_nr": [92], "vul_param": [0]}}