{"data_file": "clean", "save_folder": "pre-test\\", "status_type": "linear", "distance_measure": "euclidean", "scenario": "normal", "dutch_w": 0.664, "turkish_w": 0.075, "moroccan_w": 0.13, "ghanaian_w": 0.021, "suriname_w": 0.11, "parameters": {"similarity_min": [0.24223498455503606], "ses_noise": [1], "psr_param": [0.8582016464739295], "recover_param": [0.09213504311827071], "prestige_beta": [0.028803529241818976], "prestige_param": [0.25039910933500364], "stressor_param": [0.5944137786111424], "interactions": [2], "coping_noise": [0.012530356736437558], "repeats": [10], "population_size": [502], "chronic_threshold": [0.0001], "stress_max": [10000], "time": [500], "job_nr": [448], "vul_param": [0]}}