{"data_file": "clean", "save_folder": "pre-test\\", "status_type": "linear", "distance_measure": "euclidean", "scenario": "normal", "dutch_w": 0.664, "turkish_w": 0.075, "moroccan_w": 0.13, "ghanaian_w": 0.021, "suriname_w": 0.11, "parameters": {"similarity_min": [0.5075845862207022], "ses_noise": [1], "psr_param": [0.754494239088663], "recover_param": [0.07679698500687733], "prestige_beta": [0.022755301773146264], "prestige_param": [0.35337925544669424], "stressor_param": [0.26258737639563823], "interactions": [2], "coping_noise": [0.06442668719538155], "repeats": [10], "population_size": [502], "chronic_threshold": [0.0001], "stress_max": [10000], "time": [500], "job_nr": [144], "vul_param": [0]}}