{"data_file": "clean", "save_folder": "pre-test\\", "status_type": "linear", "distance_measure": "euclidean", "scenario": "normal", "dutch_w": 0.664, "turkish_w": 0.075, "moroccan_w": 0.13, "ghanaian_w": 0.021, "suriname_w": 0.11, "parameters": {"similarity_min": [0.19596497782385286], "ses_noise": [0], "psr_param": [0.7422941449591719], "recover_param": [0.02506489099025969], "prestige_beta": [0.005743723551174462], "prestige_param": [0.8270543351523815], "stressor_param": [0.3441452591055252], "interactions": [2], "coping_noise": [0.03275977978930102], "repeats": [10], "population_size": [502], "chronic_threshold": [0.0001], "stress_max": [10000], "time": [500], "job_nr": [358], "vul_param": [0]}}