{"data_file": "clean", "save_folder": "pre-test\\", "status_type": "linear", "distance_measure": "euclidean", "scenario": "normal", "dutch_w": 0.664, "turkish_w": 0.075, "moroccan_w": 0.13, "ghanaian_w": 0.021, "suriname_w": 0.11, "parameters": {"similarity_min": [0.13087993783865504], "ses_noise": [1.1785476110085575], "vul_param": [0.540493511484865], "psr_param": [0.8379115823078181], "recover_param": [0.15438706007433547], "prestige_beta": [0.0014824132628513623], "prestige_param": [0.12237847493214353], "stressor_param": [0.5440853432063941], "interactions": [2], "coping_noise": [0.054762807221394295], "repeats": [200], "population_size": [502], "chronic_threshold": [0.0001], "stress_max": [100], "time": [500], "job_nr": [92]}}