{"data_file": "clean", "save_folder": "pre-test\\", "status_type": "linear", "distance_measure": "euclidean", "scenario": "normal", "dutch_w": 0.664, "turkish_w": 0.075, "moroccan_w": 0.13, "ghanaian_w": 0.021, "suriname_w": 0.11, "parameters": {"similarity_min": [0.38272530431171614], "ses_noise": [1], "psr_param": [0.6724385202229957], "recover_param": [0.06412447483737115], "prestige_beta": [0.019538776135605458], "prestige_param": [0.10901793116388482], "stressor_param": [0.8400044552098922], "interactions": [2], "coping_noise": [0.027242474686046597], "repeats": [10], "population_size": [502], "chronic_threshold": [0.0001], "stress_max": [10000], "time": [500], "job_nr": [185], "vul_param": [0]}}