{"data_file": "clean", "save_folder": "pre-test\\", "status_type": "linear", "distance_measure": "euclidean", "scenario": "normal", "dutch_w": 0.664, "turkish_w": 0.075, "moroccan_w": 0.13, "ghanaian_w": 0.021, "suriname_w": 0.11, "parameters": {"similarity_min": [0.8497194180556709], "ses_noise": [2], "psr_param": [0.6170034943664323], "recover_param": [0.021209438530170894], "prestige_beta": [0.04748470466386426], "prestige_param": [0.6700878972749773], "stressor_param": [0.1381869993901623], "interactions": [2], "coping_noise": [0.07249385290545418], "repeats": [10], "population_size": [502], "chronic_threshold": [0.0001], "stress_max": [10000], "time": [500], "job_nr": [445], "vul_param": [0]}}