{"data_file": "clean", "save_folder": "pre-test\\", "status_type": "linear", "distance_measure": "euclidean", "scenario": "normal", "dutch_w": 0.664, "turkish_w": 0.075, "moroccan_w": 0.13, "ghanaian_w": 0.021, "suriname_w": 0.11, "parameters": {"similarity_min": [0.6839097621991479], "ses_noise": [1], "psr_param": [0.9858857711814227], "recover_param": [0.058397945322666046], "prestige_beta": [0.010795724549505269], "prestige_param": [0.15816854079949677], "stressor_param": [0.5884664109386456], "interactions": [2], "coping_noise": [0.08198667274326434], "repeats": [10], "population_size": [502], "chronic_threshold": [0.0001], "stress_max": [10000], "time": [500], "job_nr": [328], "vul_param": [0]}}