{"data_file": "clean", "save_folder": "pre-test\\", "status_type": "linear", "distance_measure": "euclidean", "scenario": "normal", "dutch_w": 0.664, "turkish_w": 0.075, "moroccan_w": 0.13, "ghanaian_w": 0.021, "suriname_w": 0.11, "parameters": {"similarity_min": [0.0985117582677798], "ses_noise": [0.6340193178343256], "vul_param": [0.27270361285519074], "psr_param": [0.9699239631301679], "recover_param": [0.15128165739508187], "prestige_beta": [0.0009434192406588474], "prestige_param": [0.6523738748953235], "stressor_param": [0.76498454183538], "interactions": [1], "coping_noise": [0.05348060848512105], "repeats": [200], "population_size": [502], "chronic_threshold": [0.0001], "stress_max": [100], "time": [500], "job_nr": [62]}}