{"data_file": "clean", "save_folder": "pre-test\\", "status_type": "linear", "distance_measure": "euclidean", "scenario": "normal", "dutch_w": 0.664, "turkish_w": 0.075, "moroccan_w": 0.13, "ghanaian_w": 0.021, "suriname_w": 0.11, "parameters": {"similarity_min": [0.9077822597599781], "ses_noise": [3], "psr_param": [0.9733860182764444], "recover_param": [0.0746639121833748], "prestige_beta": [0.008241228236612325], "prestige_param": [0.22199412290973186], "stressor_param": [0.43239043953469813], "interactions": [2], "coping_noise": [0.043742885567932356], "repeats": [10], "population_size": [502], "chronic_threshold": [0.0001], "stress_max": [10000], "time": [500], "job_nr": [129], "vul_param": [0]}}