{"data_file": "clean", "save_folder": "pre-test\\", "status_type": "linear", "distance_measure": "euclidean", "scenario": "normal", "dutch_w": 0.664, "turkish_w": 0.075, "moroccan_w": 0.13, "ghanaian_w": 0.021, "suriname_w": 0.11, "parameters": {"similarity_min": [0.3810875890117902], "ses_noise": [0], "psr_param": [0.27855253898481774], "recover_param": [0.02829507279662655], "prestige_beta": [0.034820397674226775], "prestige_param": [0.9135731183569344], "stressor_param": [0.9058387059600339], "interactions": [1], "coping_noise": [0.022096889397123957], "repeats": [10], "population_size": [502], "chronic_threshold": [0.0001], "stress_max": [10000], "time": [500], "job_nr": [162], "vul_param": [0]}}