{"data_file": "clean", "save_folder": "pre-test\\", "status_type": "linear", "distance_measure": "euclidean", "scenario": "normal", "dutch_w": 0.664, "turkish_w": 0.075, "moroccan_w": 0.13, "ghanaian_w": 0.021, "suriname_w": 0.11, "parameters": {"similarity_min": [0.1009399734290784], "ses_noise": [1], "psr_param": [0.2325323130228463], "recover_param": [0.031759016798997085], "prestige_beta": [0.008768363489444184], "prestige_param": [0.27324611769966023], "stressor_param": [0.9976935593381462], "interactions": [1], "coping_noise": [0.08852291836179617], "repeats": [10], "population_size": [502], "chronic_threshold": [0.0001], "stress_max": [10000], "time": [500], "job_nr": [241], "vul_param": [0]}}