{"data_file": "clean", "save_folder": "pre-test\\", "status_type": "linear", "distance_measure": "euclidean", "scenario": "normal", "dutch_w": 0.664, "turkish_w": 0.075, "moroccan_w": 0.13, "ghanaian_w": 0.021, "suriname_w": 0.11, "parameters": {"similarity_min": [0.5270287593182655], "ses_noise": [1], "psr_param": [0.38566633256686444], "recover_param": [0.08074520028585838], "prestige_beta": [0.04849053543847727], "prestige_param": [0.5364600562566503], "stressor_param": [0.48397495835759985], "interactions": [2], "coping_noise": [0.09301118359592876], "repeats": [10], "population_size": [502], "chronic_threshold": [0.0001], "stress_max": [10000], "time": [500], "job_nr": [192], "vul_param": [0]}}