{"data_file": "clean", "save_folder": "pre-test\\", "status_type": "linear", "distance_measure": "euclidean", "scenario": "normal", "dutch_w": 0.664, "turkish_w": 0.075, "moroccan_w": 0.13, "ghanaian_w": 0.021, "suriname_w": 0.11, "parameters": {"similarity_min": [0.828181481538985], "ses_noise": [2], "psr_param": [0.5457471951332785], "recover_param": [0.0982145977472633], "prestige_beta": [0.008792859804930185], "prestige_param": [0.49808552860174926], "stressor_param": [0.23242499851606488], "interactions": [2], "coping_noise": [0.021718105764142973], "repeats": [10], "population_size": [502], "chronic_threshold": [0.0001], "stress_max": [10000], "time": [500], "job_nr": [447], "vul_param": [0]}}