{"data_file": "clean", "save_folder": "pre-test\\", "status_type": "linear", "distance_measure": "euclidean", "scenario": "normal", "dutch_w": 0.664, "turkish_w": 0.075, "moroccan_w": 0.13, "ghanaian_w": 0.021, "suriname_w": 0.11, "parameters": {"similarity_min": [0.2627853674564018], "ses_noise": [0.5349695653639553], "vul_param": [0.8075452396155729], "psr_param": [0.295088943773788], "recover_param": [0.18133780201797908], "prestige_beta": [0.004773481391900113], "prestige_param": [0.05994576322875509], "stressor_param": [0.36047189299626536], "interactions": [1], "coping_noise": [0.04785889839432839], "repeats": [200], "population_size": [502], "chronic_threshold": [0.0001], "stress_max": [100], "time": [500], "job_nr": [42]}}