{"data_file": "clean", "save_folder": "pre-test\\", "status_type": "linear", "distance_measure": "euclidean", "scenario": "normal", "dutch_w": 0.664, "turkish_w": 0.075, "moroccan_w": 0.13, "ghanaian_w": 0.021, "suriname_w": 0.11, "parameters": {"similarity_min": [0.5612099856925999], "ses_noise": [0], "psr_param": [0.7553707495296093], "recover_param": [0.039120783105524845], "prestige_beta": [0.041425812512614235], "prestige_param": [0.18174445842152398], "stressor_param": [0.3354122226333935], "interactions": [1], "coping_noise": [0.02906945877382104], "repeats": [10], "population_size": [502], "chronic_threshold": [0.0001], "stress_max": [10000], "time": [500], "job_nr": [156], "vul_param": [0]}}