{"data_file": "clean", "save_folder": "pre-test\\", "status_type": "linear", "distance_measure": "euclidean", "scenario": "normal", "dutch_w": 0.664, "turkish_w": 0.075, "moroccan_w": 0.13, "ghanaian_w": 0.021, "suriname_w": 0.11, "parameters": {"similarity_min": [0.2584329869258242], "ses_noise": [3], "psr_param": [0.28929713672395385], "recover_param": [0.014009220742543085], "prestige_beta": [0.02380483185327597], "prestige_param": [0.8658887309874576], "stressor_param": [0.4127673068440174], "interactions": [1], "coping_noise": [0.09545032500610254], "repeats": [10], "population_size": [502], "chronic_threshold": [0.0001], "stress_max": [10000], "time": [500], "job_nr": [236], "vul_param": [0]}}