{"data_file": "clean", "save_folder": "pre-test\\", "status_type": "linear", "distance_measure": "euclidean", "scenario": "normal", "dutch_w": 0.664, "turkish_w": 0.075, "moroccan_w": 0.13, "ghanaian_w": 0.021, "suriname_w": 0.11, "parameters": {"similarity_min": [0.8661813351292347], "ses_noise": [0], "psr_param": [0.6804660835618089], "recover_param": [0.010689018411184116], "prestige_beta": [0.04096448907197818], "prestige_param": [0.4799960091401889], "stressor_param": [0.9034523829589977], "interactions": [1], "coping_noise": [0.029890662027543806], "repeats": [10], "population_size": [502], "chronic_threshold": [0.0001], "stress_max": [10000], "time": [500], "job_nr": [286], "vul_param": [0]}}