{"data_file": "clean", "save_folder": "pre-test\\", "status_type": "linear", "distance_measure": "euclidean", "scenario": "normal", "dutch_w": 0.664, "turkish_w": 0.075, "moroccan_w": 0.13, "ghanaian_w": 0.021, "suriname_w": 0.11, "parameters": {"similarity_min": [0.0640311328153576], "ses_noise": [1.24355841780338], "vul_param": [0.3802707891530124], "psr_param": [0.30416597292504005], "recover_param": [0.11381350590054179], "prestige_beta": [0.0038481603234776247], "prestige_param": [0.5434023754512688], "stressor_param": [0.6537027537539184], "interactions": [2], "coping_noise": [0.05487255949034721], "repeats": [200], "population_size": [502], "chronic_threshold": [0.0001], "stress_max": [100], "time": [500], "job_nr": [69]}}