{"data_file": "clean", "save_folder": "pre-test\\", "status_type": "linear", "distance_measure": "euclidean", "scenario": "normal", "dutch_w": 0.664, "turkish_w": 0.075, "moroccan_w": 0.13, "ghanaian_w": 0.021, "suriname_w": 0.11, "parameters": {"similarity_min": [0.271813951233084], "ses_noise": [0.47982233880933345], "vul_param": [0.7235806063181182], "psr_param": [0.7356839071697175], "recover_param": [0.1851788610420229], "prestige_beta": [0.0027772597557708515], "prestige_param": [0.7902176616961204], "stressor_param": [0.7206926065227666], "interactions": [2], "coping_noise": [0.04629276287540003], "repeats": [200], "population_size": [502], "chronic_threshold": [0.0001], "stress_max": [100], "time": [500], "job_nr": [15]}}