{"data_file": "clean", "save_folder": "pre-test\\", "status_type": "linear", "distance_measure": "euclidean", "scenario": "normal", "dutch_w": 0.664, "turkish_w": 0.075, "moroccan_w": 0.13, "ghanaian_w": 0.021, "suriname_w": 0.11, "parameters": {"similarity_min": [0.8274646013775858], "ses_noise": [1], "psr_param": [0.7308045527036205], "recover_param": [0.02362928559585626], "prestige_beta": [0.041324198325582956], "prestige_param": [0.38525333935013195], "stressor_param": [0.4289408016800029], "interactions": [1], "coping_noise": [0.05941821924190041], "repeats": [10], "population_size": [502], "chronic_threshold": [0.0001], "stress_max": [10000], "time": [500], "job_nr": [232], "vul_param": [0]}}