{"data_file": "clean", "save_folder": "pre-test\\", "status_type": "linear", "distance_measure": "euclidean", "scenario": "normal", "dutch_w": 0.664, "turkish_w": 0.075, "moroccan_w": 0.13, "ghanaian_w": 0.021, "suriname_w": 0.11, "parameters": {"similarity_min": [0.8793338179068135], "ses_noise": [1], "psr_param": [0.32780584068020135], "recover_param": [0.049351709766012414], "prestige_beta": [0.019774855140589156], "prestige_param": [0.5944304307967808], "stressor_param": [0.804315159023278], "interactions": [1], "coping_noise": [0.015868044951161547], "repeats": [10], "population_size": [502], "chronic_threshold": [0.0001], "stress_max": [10000], "time": [500], "job_nr": [471], "vul_param": [0]}}