{"data_file": "clean", "save_folder": "pre-test\\", "status_type": "linear", "distance_measure": "euclidean", "scenario": "normal", "dutch_w": 0.664, "turkish_w": 0.075, "moroccan_w": 0.13, "ghanaian_w": 0.021, "suriname_w": 0.11, "parameters": {"similarity_min": [0.15115253559186176], "ses_noise": [0.005617863386148003], "vul_param": [0.5688945867758155], "psr_param": [0.919583666944784], "recover_param": [0.17031101932124285], "prestige_beta": [0.002093639582868099], "prestige_param": [0.378202574364188], "stressor_param": [0.6965863673625604], "interactions": [2], "coping_noise": [0.030545640155707585], "repeats": [200], "population_size": [502], "chronic_threshold": [0.0001], "stress_max": [100], "time": [500], "job_nr": [8]}}