{"data_file": "clean", "save_folder": "pre-test\\", "status_type": "linear", "distance_measure": "euclidean", "scenario": "normal", "dutch_w": 0.664, "turkish_w": 0.075, "moroccan_w": 0.13, "ghanaian_w": 0.021, "suriname_w": 0.11, "parameters": {"similarity_min": [0.17912705223553338], "ses_noise": [0], "psr_param": [0.7708582701413866], "recover_param": [0.03904493372325367], "prestige_beta": [0.005159653163797401], "prestige_param": [0.7582426267704854], "stressor_param": [0.12225697728708618], "interactions": [2], "coping_noise": [0.08220974844582965], "repeats": [10], "population_size": [502], "chronic_threshold": [0.0001], "stress_max": [10000], "time": [500], "job_nr": [483], "vul_param": [0]}}