{"data_file": "clean", "save_folder": "pre-test\\", "status_type": "linear", "distance_measure": "euclidean", "scenario": "normal", "dutch_w": 0.664, "turkish_w": 0.075, "moroccan_w": 0.13, "ghanaian_w": 0.021, "suriname_w": 0.11, "parameters": {"similarity_min": [0.9866164430247931], "ses_noise": [0], "psr_param": [0.17074895352589892], "recover_param": [0.016137073766265175], "prestige_beta": [0.04838386967153124], "prestige_param": [0.5433669600343484], "stressor_param": [0.6641233565387558], "interactions": [2], "coping_noise": [0.06556249373344764], "repeats": [10], "population_size": [502], "chronic_threshold": [0.0001], "stress_max": [10000], "time": [500], "job_nr": [78], "vul_param": [0]}}