{"data_file": "clean", "save_folder": "pre-test\\", "status_type": "linear", "distance_measure": "euclidean", "scenario": "normal", "dutch_w": 0.664, "turkish_w": 0.075, "moroccan_w": 0.13, "ghanaian_w": 0.021, "suriname_w": 0.11, "parameters": {"similarity_min": [0.19571455803426646], "ses_noise": [3], "psr_param": [0.9466673924334152], "recover_param": [0.08676992721157233], "prestige_beta": [0.03140334561168695], "prestige_param": [0.4773537940936873], "stressor_param": [0.7464040993003085], "interactions": [2], "coping_noise": [0.08601477118550926], "repeats": [10], "population_size": [502], "chronic_threshold": [0.0001], "stress_max": [10000], "time": [500], "job_nr": [343], "vul_param": [0]}}