{"data_file": "clean", "save_folder": "pre-test\\", "status_type": "linear", "distance_measure": "euclidean", "scenario": "normal", "dutch_w": 0.664, "turkish_w": 0.075, "moroccan_w": 0.13, "ghanaian_w": 0.021, "suriname_w": 0.11, "parameters": {"similarity_min": [0.22687315638390232], "ses_noise": [1.6495876739125452], "vul_param": [0.6765134069894485], "psr_param": [0.1645128973602307], "recover_param": [0.10273643276341732], "prestige_beta": [0.0015597834906131995], "prestige_param": [0.2217308401074819], "stressor_param": [0.4947486389634752], "interactions": [2], "coping_noise": [0.016826062496181755], "repeats": [200], "population_size": [502], "chronic_threshold": [0.0001], "stress_max": [100], "time": [500], "job_nr": [72]}}