{"data_file": "clean", "save_folder": "pre-test\\", "status_type": "linear", "distance_measure": "euclidean", "scenario": "normal", "dutch_w": 0.664, "turkish_w": 0.075, "moroccan_w": 0.13, "ghanaian_w": 0.021, "suriname_w": 0.11, "parameters": {"similarity_min": [0.26722203326971894], "ses_noise": [0], "psr_param": [0.4493855133452498], "recover_param": [0.051682128986845426], "prestige_beta": [0.03190953930724034], "prestige_param": [0.5423060598838673], "stressor_param": [0.4551970876582897], "interactions": [2], "coping_noise": [0.012577647680866095], "repeats": [10], "population_size": [502], "chronic_threshold": [0.0001], "stress_max": [10000], "time": [500], "job_nr": [42], "vul_param": [0]}}