{"data_file": "clean", "save_folder": "pre-test\\", "status_type": "linear", "distance_measure": "euclidean", "scenario": "normal", "dutch_w": 0.664, "turkish_w": 0.075, "moroccan_w": 0.13, "ghanaian_w": 0.021, "suriname_w": 0.11, "parameters": {"similarity_min": [0.344493411263338], "ses_noise": [2], "psr_param": [0.20145659490887385], "recover_param": [0.03419289899322224], "prestige_beta": [0.04896766417343329], "prestige_param": [0.9962084412141693], "stressor_param": [0.13898572477546695], "interactions": [2], "coping_noise": [0.02232728405975333], "repeats": [10], "population_size": [502], "chronic_threshold": [0.0001], "stress_max": [10000], "time": [500], "job_nr": [333], "vul_param": [0]}}