{"data_file": "clean", "save_folder": "pre-test\\", "status_type": "linear", "distance_measure": "euclidean", "scenario": "normal", "dutch_w": 0.664, "turkish_w": 0.075, "moroccan_w": 0.13, "ghanaian_w": 0.021, "suriname_w": 0.11, "parameters": {"similarity_min": [0.7902516648685458], "ses_noise": [3], "psr_param": [0.16685486087485213], "recover_param": [0.005395782478146826], "prestige_beta": [0.010374769249355934], "prestige_param": [0.32023376293261124], "stressor_param": [0.9507733586108023], "interactions": [1], "coping_noise": [0.07858180599044019], "repeats": [10], "population_size": [502], "chronic_threshold": [0.0001], "stress_max": [10000], "time": [500], "job_nr": [312], "vul_param": [0]}}