{"data_file": "clean", "save_folder": "pre-test\\", "status_type": "linear", "distance_measure": "euclidean", "scenario": "normal", "dutch_w": 0.664, "turkish_w": 0.075, "moroccan_w": 0.13, "ghanaian_w": 0.021, "suriname_w": 0.11, "parameters": {"similarity_min": [0.2722222388025873], "ses_noise": [0.15806712121228816], "vul_param": [0.6047509586174277], "psr_param": [0.4671096172695909], "recover_param": [0.16200083269454227], "prestige_beta": [0.0038478842448093193], "prestige_param": [0.9156120437306268], "stressor_param": [0.5416094370524729], "interactions": [1], "coping_noise": [0.06654709729451504], "repeats": [200], "population_size": [502], "chronic_threshold": [0.0001], "stress_max": [100], "time": [500], "job_nr": [55]}}