{"data_file": "clean", "save_folder": "pre-test\\", "status_type": "linear", "distance_measure": "euclidean", "scenario": "normal", "dutch_w": 0.664, "turkish_w": 0.075, "moroccan_w": 0.13, "ghanaian_w": 0.021, "suriname_w": 0.11, "parameters": {"similarity_min": [0.21543646649877302], "ses_noise": [2.1000937783172544], "vul_param": [0.13289797484622654], "psr_param": [0.14898708154852103], "recover_param": [0.17016775560468253], "prestige_beta": [0.0036605770793818175], "prestige_param": [0.2595290855061282], "stressor_param": [0.5165050699396823], "interactions": [1], "coping_noise": [0.08364759662636197], "repeats": [200], "population_size": [502], "chronic_threshold": [0.0001], "stress_max": [100], "time": [500], "job_nr": [28]}}