{"data_file": "clean", "save_folder": "pre-test\\", "status_type": "linear", "distance_measure": "euclidean", "scenario": "normal", "dutch_w": 0.664, "turkish_w": 0.075, "moroccan_w": 0.13, "ghanaian_w": 0.021, "suriname_w": 0.11, "parameters": {"similarity_min": [0.2966741496076044], "ses_noise": [0], "psr_param": [0.39983918774711535], "recover_param": [0.06320813211787163], "prestige_beta": [0.024249966392689077], "prestige_param": [0.9026603842309204], "stressor_param": [0.9822480847997005], "interactions": [2], "coping_noise": [0.04324151538502292], "repeats": [10], "population_size": [502], "chronic_threshold": [0.0001], "stress_max": [10000], "time": [500], "job_nr": [385], "vul_param": [0]}}