{"data_file": "clean", "save_folder": "pre-test\\", "status_type": "linear", "distance_measure": "euclidean", "scenario": "normal", "dutch_w": 0.664, "turkish_w": 0.075, "moroccan_w": 0.13, "ghanaian_w": 0.021, "suriname_w": 0.11, "parameters": {"similarity_min": [0.39855171323836563], "ses_noise": [1.6159134342799062], "vul_param": [0.7186236063341419], "psr_param": [0.1636987813994486], "recover_param": [0.19979084154753207], "prestige_beta": [0.0005209592242566754], "prestige_param": [0.4415568180216731], "stressor_param": [0.4950069220838451], "interactions": [2], "coping_noise": [0.04300443336863609], "repeats": [200], "population_size": [502], "chronic_threshold": [0.0001], "stress_max": [100], "time": [500], "job_nr": [7]}}