{"data_file": "clean", "save_folder": "pre-test\\", "status_type": "linear", "distance_measure": "euclidean", "scenario": "normal", "dutch_w": 0.664, "turkish_w": 0.075, "moroccan_w": 0.13, "ghanaian_w": 0.021, "suriname_w": 0.11, "parameters": {"similarity_min": [0.42838576833518627], "ses_noise": [0], "psr_param": [0.3656821958698516], "recover_param": [0.013916848195179122], "prestige_beta": [0.011551586676371215], "prestige_param": [0.7953727855618336], "stressor_param": [0.3789632755952038], "interactions": [2], "coping_noise": [0.08603595684645714], "repeats": [10], "population_size": [502], "chronic_threshold": [0.0001], "stress_max": [10000], "time": [500], "job_nr": [348], "vul_param": [0]}}