{"data_file": "clean", "save_folder": "pre-test\\", "status_type": "linear", "distance_measure": "euclidean", "scenario": "normal", "dutch_w": 0.664, "turkish_w": 0.075, "moroccan_w": 0.13, "ghanaian_w": 0.021, "suriname_w": 0.11, "parameters": {"similarity_min": [0.1265895930917059], "ses_noise": [3], "psr_param": [0.2358070160467053], "recover_param": [0.07238158037718684], "prestige_beta": [0.03171319339761918], "prestige_param": [0.7567265133673485], "stressor_param": [0.7310181157039402], "interactions": [1], "coping_noise": [0.06900638735102771], "repeats": [10], "population_size": [502], "chronic_threshold": [0.0001], "stress_max": [10000], "time": [500], "job_nr": [152], "vul_param": [0]}}