{"data_file": "clean", "save_folder": "pre-test\\", "status_type": "linear", "distance_measure": "euclidean", "scenario": "normal", "dutch_w": 0.664, "turkish_w": 0.075, "moroccan_w": 0.13, "ghanaian_w": 0.021, "suriname_w": 0.11, "parameters": {"similarity_min": [0.9687350229000453], "ses_noise": [3], "psr_param": [0.516738427642313], "recover_param": [0.06307959368083577], "prestige_beta": [0.03474828220258849], "prestige_param": [0.11303787484909894], "stressor_param": [0.28418894079587076], "interactions": [1], "coping_noise": [0.08203978742774282], "repeats": [10], "population_size": [502], "chronic_threshold": [0.0001], "stress_max": [10000], "time": [500], "job_nr": [373], "vul_param": [0]}}