{"data_file": "clean", "save_folder": "pre-test\\", "status_type": "linear", "distance_measure": "euclidean", "scenario": "normal", "dutch_w": 0.664, "turkish_w": 0.075, "moroccan_w": 0.13, "ghanaian_w": 0.021, "suriname_w": 0.11, "parameters": {"similarity_min": [0.4968355480031882], "ses_noise": [3], "psr_param": [0.8706031697989449], "recover_param": [0.08089082755367809], "prestige_beta": [0.034285259422278655], "prestige_param": [0.5065809232039569], "stressor_param": [0.19310148817586564], "interactions": [2], "coping_noise": [0.03101661577210405], "repeats": [10], "population_size": [502], "chronic_threshold": [0.0001], "stress_max": [10000], "time": [500], "job_nr": [410], "vul_param": [0]}}