{"data_file": "clean", "save_folder": "pre-test\\", "status_type": "linear", "distance_measure": "euclidean", "scenario": "normal", "dutch_w": 0.664, "turkish_w": 0.075, "moroccan_w": 0.13, "ghanaian_w": 0.021, "suriname_w": 0.11, "parameters": {"similarity_min": [0.2239277900731918], "ses_noise": [0], "psr_param": [0.44496250058876297], "recover_param": [0.0024024526331718828], "prestige_beta": [0.03378082706501433], "prestige_param": [0.8389566515776609], "stressor_param": [0.5687091887475959], "interactions": [2], "coping_noise": [0.06910015118653655], "repeats": [10], "population_size": [502], "chronic_threshold": [0.0001], "stress_max": [10000], "time": [500], "job_nr": [384], "vul_param": [0]}}