{"data_file": "clean", "save_folder": "pre-test\\", "status_type": "linear", "distance_measure": "euclidean", "scenario": "normal", "dutch_w": 0.664, "turkish_w": 0.075, "moroccan_w": 0.13, "ghanaian_w": 0.021, "suriname_w": 0.11, "parameters": {"similarity_min": [0.19871809485980885], "ses_noise": [0], "psr_param": [0.3205520201226396], "recover_param": [0.08694077296766387], "prestige_beta": [0.03696326591716713], "prestige_param": [0.313963458404803], "stressor_param": [0.13462444900057594], "interactions": [1], "coping_noise": [0.09512957769456487], "repeats": [10], "population_size": [502], "chronic_threshold": [0.0001], "stress_max": [10000], "time": [500], "job_nr": [166], "vul_param": [0]}}