{"data_file": "clean", "save_folder": "pre-test\\", "status_type": "linear", "distance_measure": "euclidean", "scenario": "normal", "dutch_w": 0.664, "turkish_w": 0.075, "moroccan_w": 0.13, "ghanaian_w": 0.021, "suriname_w": 0.11, "parameters": {"similarity_min": [0.2340423953762431], "ses_noise": [0.7584372966021088], "vul_param": [0.9510814906215339], "psr_param": [0.21113504196533578], "recover_param": [0.16623400878386146], "prestige_beta": [0.0005281334805918961], "prestige_param": [0.8248743847097287], "stressor_param": [0.26196807704091907], "interactions": [1], "coping_noise": [0.03181430918595953], "repeats": [200], "population_size": [502], "chronic_threshold": [0.0001], "stress_max": [100], "time": [500], "job_nr": [64]}}