{"data_file": "clean", "save_folder": "pre-test\\", "status_type": "linear", "distance_measure": "euclidean", "scenario": "normal", "dutch_w": 0.664, "turkish_w": 0.075, "moroccan_w": 0.13, "ghanaian_w": 0.021, "suriname_w": 0.11, "parameters": {"similarity_min": [0.8205017138331919], "ses_noise": [1], "psr_param": [0.17523298675689786], "recover_param": [0.023700016558453087], "prestige_beta": [0.03505315060474466], "prestige_param": [0.40777262227043176], "stressor_param": [0.48955754036832166], "interactions": [1], "coping_noise": [0.09156274982259449], "repeats": [10], "population_size": [502], "chronic_threshold": [0.0001], "stress_max": [10000], "time": [500], "job_nr": [378], "vul_param": [0]}}