{"data_file": "clean", "save_folder": "pre-test\\", "status_type": "linear", "distance_measure": "euclidean", "scenario": "normal", "dutch_w": 0.664, "turkish_w": 0.075, "moroccan_w": 0.13, "ghanaian_w": 0.021, "suriname_w": 0.11, "parameters": {"similarity_min": [0.5540382276361637], "ses_noise": [1], "psr_param": [0.2676177411862396], "recover_param": [0.007189307434242373], "prestige_beta": [0.018798986919828745], "prestige_param": [0.8487243927174168], "stressor_param": [0.6792059237619309], "interactions": [2], "coping_noise": [0.07180539266217237], "repeats": [10], "population_size": [502], "chronic_threshold": [0.0001], "stress_max": [10000], "time": [500], "job_nr": [84], "vul_param": [0]}}