{"data_file": "clean", "save_folder": "pre-test\\", "status_type": "linear", "distance_measure": "euclidean", "scenario": "normal", "dutch_w": 0.664, "turkish_w": 0.075, "moroccan_w": 0.13, "ghanaian_w": 0.021, "suriname_w": 0.11, "parameters": {"similarity_min": [0.7858533172256825], "ses_noise": [3], "psr_param": [0.8743951178188806], "recover_param": [0.04072503942830929], "prestige_beta": [0.03217259176825169], "prestige_param": [0.5569159939656725], "stressor_param": [0.27753429185331613], "interactions": [1], "coping_noise": [0.01861351163844424], "repeats": [10], "population_size": [502], "chronic_threshold": [0.0001], "stress_max": [10000], "time": [500], "job_nr": [71], "vul_param": [0]}}