{"data_file": "clean", "save_folder": "pre-test\\", "status_type": "linear", "distance_measure": "euclidean", "scenario": "normal", "dutch_w": 0.664, "turkish_w": 0.075, "moroccan_w": 0.13, "ghanaian_w": 0.021, "suriname_w": 0.11, "parameters": {"similarity_min": [0.3919881674936535], "ses_noise": [0.21107656239837858], "vul_param": [0.39602321961821085], "psr_param": [0.4388480709920838], "recover_param": [0.17274530443208175], "prestige_beta": [0.004465536142876833], "prestige_param": [0.2732274791522797], "stressor_param": [0.8043306784424241], "interactions": [2], "coping_noise": [0.04437387701147731], "repeats": [200], "population_size": [502], "chronic_threshold": [0.0001], "stress_max": [100], "time": [500], "job_nr": [22]}}