{"data_file": "clean", "save_folder": "pre-test\\", "status_type": "linear", "distance_measure": "euclidean", "scenario": "normal", "dutch_w": 0.664, "turkish_w": 0.075, "moroccan_w": 0.13, "ghanaian_w": 0.021, "suriname_w": 0.11, "parameters": {"similarity_min": [0.6377924205070982], "ses_noise": [1], "psr_param": [0.9234626911324563], "recover_param": [0.03598614077812863], "prestige_beta": [0.037122156805885466], "prestige_param": [0.24868926845552838], "stressor_param": [0.8241078697994604], "interactions": [1], "coping_noise": [0.014399089822126199], "repeats": [10], "population_size": [502], "chronic_threshold": [0.0001], "stress_max": [10000], "time": [500], "job_nr": [45], "vul_param": [0]}}