{"data_file": "clean", "save_folder": "pre-test\\", "status_type": "linear", "distance_measure": "euclidean", "scenario": "normal", "dutch_w": 0.664, "turkish_w": 0.075, "moroccan_w": 0.13, "ghanaian_w": 0.021, "suriname_w": 0.11, "parameters": {"similarity_min": [0.15432619943611842], "ses_noise": [1], "psr_param": [0.6374975978882499], "recover_param": [0.051306874637024075], "prestige_beta": [0.046442007851580494], "prestige_param": [0.32218366249054486], "stressor_param": [0.9917892584312388], "interactions": [1], "coping_noise": [0.07841902734767074], "repeats": [10], "population_size": [502], "chronic_threshold": [0.0001], "stress_max": [10000], "time": [500], "job_nr": [436], "vul_param": [0]}}