{"data_file": "clean", "save_folder": "pre-test\\", "status_type": "linear", "distance_measure": "euclidean", "scenario": "normal", "dutch_w": 0.664, "turkish_w": 0.075, "moroccan_w": 0.13, "ghanaian_w": 0.021, "suriname_w": 0.11, "parameters": {"similarity_min": [0.5997902155992385], "ses_noise": [2], "psr_param": [0.9350731628754014], "recover_param": [0.04031557458320247], "prestige_beta": [0.013951230789865626], "prestige_param": [0.4905871778338279], "stressor_param": [0.9916305582575611], "interactions": [1], "coping_noise": [0.0677011358897099], "repeats": [10], "population_size": [502], "chronic_threshold": [0.0001], "stress_max": [10000], "time": [500], "job_nr": [336], "vul_param": [0]}}