{"data_file": "clean", "save_folder": "pre-test\\", "status_type": "linear", "distance_measure": "euclidean", "scenario": "normal", "dutch_w": 0.664, "turkish_w": 0.075, "moroccan_w": 0.13, "ghanaian_w": 0.021, "suriname_w": 0.11, "parameters": {"similarity_min": [0.12131891460868516], "ses_noise": [2], "psr_param": [0.20420310823223387], "recover_param": [0.01715161458897815], "prestige_beta": [0.0178923788708727], "prestige_param": [0.8433885859116302], "stressor_param": [0.49522765984122263], "interactions": [2], "coping_noise": [0.0839558063718216], "repeats": [10], "population_size": [502], "chronic_threshold": [0.0001], "stress_max": [10000], "time": [500], "job_nr": [46], "vul_param": [0]}}