{"data_file": "clean", "save_folder": "pre-test\\", "status_type": "linear", "distance_measure": "euclidean", "scenario": "normal", "dutch_w": 0.664, "turkish_w": 0.075, "moroccan_w": 0.13, "ghanaian_w": 0.021, "suriname_w": 0.11, "parameters": {"similarity_min": [0.9005813404340502], "ses_noise": [0], "psr_param": [0.5343709893246307], "recover_param": [0.04558114857632345], "prestige_beta": [0.014920430351135064], "prestige_param": [0.44466588691758646], "stressor_param": [0.10827205918416251], "interactions": [2], "coping_noise": [0.0604407686715949], "repeats": [10], "population_size": [502], "chronic_threshold": [0.0001], "stress_max": [10000], "time": [500], "job_nr": [17], "vul_param": [0]}}