{"data_file": "clean", "save_folder": "pre-test\\", "status_type": "linear", "distance_measure": "euclidean", "scenario": "normal", "dutch_w": 0.664, "turkish_w": 0.075, "moroccan_w": 0.13, "ghanaian_w": 0.021, "suriname_w": 0.11, "parameters": {"similarity_min": [0.24853069940986205], "ses_noise": [2], "psr_param": [0.17526359811886638], "recover_param": [0.08076881862010472], "prestige_beta": [0.04962529444187174], "prestige_param": [0.43687343961615943], "stressor_param": [0.6680179300317315], "interactions": [1], "coping_noise": [0.09552939684836256], "repeats": [10], "population_size": [502], "chronic_threshold": [0.0001], "stress_max": [10000], "time": [500], "job_nr": [93], "vul_param": [0]}}