{"data_file": "clean", "save_folder": "pre-test\\", "status_type": "linear", "distance_measure": "euclidean", "scenario": "normal", "dutch_w": 0.664, "turkish_w": 0.075, "moroccan_w": 0.13, "ghanaian_w": 0.021, "suriname_w": 0.11, "parameters": {"similarity_min": [0.31502261746057597], "ses_noise": [0.2149561220196905], "vul_param": [0.48878463421694707], "psr_param": [0.8322277551203784], "recover_param": [0.16956489951922277], "prestige_beta": [0.0023935785614295803], "prestige_param": [0.6154982478499346], "stressor_param": [0.13280288695497255], "interactions": [1], "coping_noise": [0.09112140968311863], "repeats": [200], "population_size": [502], "chronic_threshold": [0.0001], "stress_max": [100], "time": [500], "job_nr": [19]}}