{"data_file": "clean", "save_folder": "pre-test\\", "status_type": "linear", "distance_measure": "euclidean", "scenario": "normal", "dutch_w": 0.664, "turkish_w": 0.075, "moroccan_w": 0.13, "ghanaian_w": 0.021, "suriname_w": 0.11, "parameters": {"similarity_min": [0.8519963042861329], "ses_noise": [3], "psr_param": [0.8625553845723909], "recover_param": [0.09092656308178135], "prestige_beta": [0.040011660975323264], "prestige_param": [0.3260984528937625], "stressor_param": [0.6380496236154173], "interactions": [1], "coping_noise": [0.02131667957784785], "repeats": [10], "population_size": [502], "chronic_threshold": [0.0001], "stress_max": [10000], "time": [500], "job_nr": [57], "vul_param": [0]}}