{"data_file": "clean", "save_folder": "pre-test\\", "status_type": "linear", "distance_measure": "euclidean", "scenario": "normal", "dutch_w": 0.664, "turkish_w": 0.075, "moroccan_w": 0.13, "ghanaian_w": 0.021, "suriname_w": 0.11, "parameters": {"similarity_min": [0.5483814459513182], "ses_noise": [2], "psr_param": [0.7301728135370508], "recover_param": [0.09185595249972262], "prestige_beta": [0.04848321101748999], "prestige_param": [0.1529602998216152], "stressor_param": [0.5528763951075654], "interactions": [1], "coping_noise": [0.02691310537829815], "repeats": [10], "population_size": [502], "chronic_threshold": [0.0001], "stress_max": [10000], "time": [500], "job_nr": [169], "vul_param": [0]}}