{"data_file": "clean", "save_folder": "pre-test\\", "status_type": "linear", "distance_measure": "euclidean", "scenario": "normal", "dutch_w": 0.664, "turkish_w": 0.075, "moroccan_w": 0.13, "ghanaian_w": 0.021, "suriname_w": 0.11, "parameters": {"similarity_min": [0.9818212787806038], "ses_noise": [3], "psr_param": [0.47509983924782995], "recover_param": [0.03508574123408351], "prestige_beta": [0.0319180544659512], "prestige_param": [0.9393343073983784], "stressor_param": [0.1176547523258078], "interactions": [1], "coping_noise": [0.08312310219373588], "repeats": [10], "population_size": [502], "chronic_threshold": [0.0001], "stress_max": [10000], "time": [500], "job_nr": [405], "vul_param": [0]}}