{"data_file": "clean", "save_folder": "pre-test\\", "status_type": "linear", "distance_measure": "euclidean", "scenario": "normal", "dutch_w": 0.664, "turkish_w": 0.075, "moroccan_w": 0.13, "ghanaian_w": 0.021, "suriname_w": 0.11, "parameters": {"similarity_min": [0.43744742226580036], "ses_noise": [3], "psr_param": [0.9171840072194847], "recover_param": [0.08000725108477592], "prestige_beta": [0.015658324018721245], "prestige_param": [0.6273751983225656], "stressor_param": [0.865795634868934], "interactions": [2], "coping_noise": [0.03759885662481919], "repeats": [10], "population_size": [502], "chronic_threshold": [0.0001], "stress_max": [10000], "time": [500], "job_nr": [22], "vul_param": [0]}}