{"data_file": "clean", "save_folder": "pre-test\\", "status_type": "linear", "distance_measure": "euclidean", "scenario": "normal", "dutch_w": 0.664, "turkish_w": 0.075, "moroccan_w": 0.13, "ghanaian_w": 0.021, "suriname_w": 0.11, "parameters": {"similarity_min": [0.7393249195947376], "ses_noise": [3], "psr_param": [0.24579429712047113], "recover_param": [0.017008351503479662], "prestige_beta": [0.016249727906781235], "prestige_param": [0.47531311586012936], "stressor_param": [0.965438585750035], "interactions": [2], "coping_noise": [0.02939616083862414], "repeats": [10], "population_size": [502], "chronic_threshold": [0.0001], "stress_max": [10000], "time": [500], "job_nr": [12], "vul_param": [0]}}