{"data_file": "clean", "save_folder": "pre-test\\", "status_type": "linear", "distance_measure": "euclidean", "scenario": "normal", "dutch_w": 0.664, "turkish_w": 0.075, "moroccan_w": 0.13, "ghanaian_w": 0.021, "suriname_w": 0.11, "parameters": {"similarity_min": [0.3443492202515342], "ses_noise": [2], "psr_param": [0.3548515966953355], "recover_param": [0.019282195385264496], "prestige_beta": [0.03725922212360134], "prestige_param": [0.5631442417491793], "stressor_param": [0.6145752703345122], "interactions": [2], "coping_noise": [0.04902923851181408], "repeats": [10], "population_size": [502], "chronic_threshold": [0.0001], "stress_max": [10000], "time": [500], "job_nr": [480], "vul_param": [0]}}