{"data_file": "clean", "save_folder": "pre-test\\", "status_type": "linear", "distance_measure": "euclidean", "scenario": "normal", "dutch_w": 0.664, "turkish_w": 0.075, "moroccan_w": 0.13, "ghanaian_w": 0.021, "suriname_w": 0.11, "parameters": {"similarity_min": [0.3905188637906662], "ses_noise": [2.4456032535783767], "vul_param": [0.9157750383277155], "psr_param": [0.4229418400555145], "recover_param": [0.10193679195760474], "prestige_beta": [0.000895233238046858], "prestige_param": [0.4897468343564444], "stressor_param": [0.651561262836128], "interactions": [2], "coping_noise": [0.08643410414430067], "repeats": [200], "population_size": [502], "chronic_threshold": [0.0001], "stress_max": [100], "time": [500], "job_nr": [27]}}