{"data_file": "clean", "save_folder": "pre-test\\", "status_type": "linear", "distance_measure": "euclidean", "scenario": "normal", "dutch_w": 0.664, "turkish_w": 0.075, "moroccan_w": 0.13, "ghanaian_w": 0.021, "suriname_w": 0.11, "parameters": {"similarity_min": [0.9503613841591655], "ses_noise": [3], "psr_param": [0.684249291235697], "recover_param": [0.002315725042054213], "prestige_beta": [0.016654519850436363], "prestige_param": [0.7944360795846264], "stressor_param": [0.47082647573250247], "interactions": [1], "coping_noise": [0.035948057911555115], "repeats": [10], "population_size": [502], "chronic_threshold": [0.0001], "stress_max": [10000], "time": [500], "job_nr": [238], "vul_param": [0]}}