{"data_file": "clean", "save_folder": "pre-test\\", "status_type": "linear", "distance_measure": "euclidean", "scenario": "normal", "dutch_w": 0.664, "turkish_w": 0.075, "moroccan_w": 0.13, "ghanaian_w": 0.021, "suriname_w": 0.11, "parameters": {"similarity_min": [0.4987869071873657], "ses_noise": [2.1676991490806197], "vul_param": [0.33338851622010207], "psr_param": [0.18913621287986646], "recover_param": [0.19307015957481957], "prestige_beta": [0.0018500592804522064], "prestige_param": [0.7288741068552854], "stressor_param": [0.22239616017467181], "interactions": [2], "coping_noise": [0.016052475458341937], "repeats": [200], "population_size": [502], "chronic_threshold": [0.0001], "stress_max": [100], "time": [500], "job_nr": [25]}}