{"data_file": "clean", "save_folder": "pre-test\\", "status_type": "linear", "distance_measure": "euclidean", "scenario": "normal", "dutch_w": 0.664, "turkish_w": 0.075, "moroccan_w": 0.13, "ghanaian_w": 0.021, "suriname_w": 0.11, "parameters": {"similarity_min": [0.857439000120265], "ses_noise": [0], "psr_param": [0.20426492976841537], "recover_param": [0.044410143987618424], "prestige_beta": [0.01887569071965459], "prestige_param": [0.917105851444671], "stressor_param": [0.19886694637695312], "interactions": [2], "coping_noise": [0.08158234384254161], "repeats": [10], "population_size": [502], "chronic_threshold": [0.0001], "stress_max": [10000], "time": [500], "job_nr": [137], "vul_param": [0]}}