{"data_file": "clean", "save_folder": "pre-test\\", "status_type": "linear", "distance_measure": "euclidean", "scenario": "normal", "dutch_w": 0.664, "turkish_w": 0.075, "moroccan_w": 0.13, "ghanaian_w": 0.021, "suriname_w": 0.11, "parameters": {"similarity_min": [0.41105720755662106], "ses_noise": [2.4067973375314127], "vul_param": [0.3121546047578058], "psr_param": [0.6906168079032028], "recover_param": [0.16295885003407887], "prestige_beta": [0.000760434558229344], "prestige_param": [0.25313249681858935], "stressor_param": [0.1966619229412644], "interactions": [1], "coping_noise": [0.0887975376159467], "repeats": [200], "population_size": [502], "chronic_threshold": [0.0001], "stress_max": [100], "time": [500], "job_nr": [41]}}