{"data_file": "clean", "save_folder": "pre-test\\", "status_type": "linear", "distance_measure": "euclidean", "scenario": "normal", "dutch_w": 0.664, "turkish_w": 0.075, "moroccan_w": 0.13, "ghanaian_w": 0.021, "suriname_w": 0.11, "parameters": {"similarity_min": [0.3682338732888718], "ses_noise": [0], "psr_param": [0.1496013847627428], "recover_param": [0.04733476141288428], "prestige_beta": [0.028393932789037544], "prestige_param": [0.14220672780518576], "stressor_param": [0.5366724458444123], "interactions": [1], "coping_noise": [0.059523328662685726], "repeats": [10], "population_size": [502], "chronic_threshold": [0.0001], "stress_max": [10000], "time": [500], "job_nr": [82], "vul_param": [0]}}