{"data_file": "clean", "save_folder": "pre-test\\", "status_type": "linear", "distance_measure": "euclidean", "scenario": "normal", "dutch_w": 0.664, "turkish_w": 0.075, "moroccan_w": 0.13, "ghanaian_w": 0.021, "suriname_w": 0.11, "parameters": {"similarity_min": [0.6366256499178209], "ses_noise": [1], "psr_param": [0.9162234822830033], "recover_param": [0.06370343843732741], "prestige_beta": [0.02146494703514755], "prestige_param": [0.10536615915192712], "stressor_param": [0.2738537428242628], "interactions": [1], "coping_noise": [0.02229535356561524], "repeats": [10], "population_size": [502], "chronic_threshold": [0.0001], "stress_max": [10000], "time": [500], "job_nr": [176], "vul_param": [0]}}