{"data_file": "clean", "save_folder": "pre-test\\", "status_type": "linear", "distance_measure": "euclidean", "scenario": "normal", "dutch_w": 0.664, "turkish_w": 0.075, "moroccan_w": 0.13, "ghanaian_w": 0.021, "suriname_w": 0.11, "parameters": {"similarity_min": [0.29775621602839547], "ses_noise": [1], "psr_param": [0.38611498476619854], "recover_param": [0.037078834252696695], "prestige_beta": [0.04331940505138018], "prestige_param": [0.6374850796155428], "stressor_param": [0.9376139523671663], "interactions": [2], "coping_noise": [0.07962753099192749], "repeats": [10], "population_size": [502], "chronic_threshold": [0.0001], "stress_max": [10000], "time": [500], "job_nr": [219], "vul_param": [0]}}