{"data_file": "clean", "save_folder": "pre-test\\", "status_type": "linear", "distance_measure": "euclidean", "scenario": "normal", "dutch_w": 0.664, "turkish_w": 0.075, "moroccan_w": 0.13, "ghanaian_w": 0.021, "suriname_w": 0.11, "parameters": {"similarity_min": [0.45872738140433555], "ses_noise": [1], "psr_param": [0.616406170357629], "recover_param": [0.024640895033706558], "prestige_beta": [0.02858019531120185], "prestige_param": [0.2871956345530964], "stressor_param": [0.5861186662411737], "interactions": [1], "coping_noise": [0.060709812403381094], "repeats": [10], "population_size": [502], "chronic_threshold": [0.0001], "stress_max": [10000], "time": [500], "job_nr": [264], "vul_param": [0]}}