{"data_file": "clean", "save_folder": "pre-test\\", "status_type": "linear", "distance_measure": "euclidean", "scenario": "normal", "dutch_w": 0.664, "turkish_w": 0.075, "moroccan_w": 0.13, "ghanaian_w": 0.021, "suriname_w": 0.11, "parameters": {"similarity_min": [0.32472264893937075], "ses_noise": [0.3572328185880661], "vul_param": [0.6116226404127569], "psr_param": [0.3260556318331649], "recover_param": [0.11021568398101392], "prestige_beta": [0.0035058534738394496], "prestige_param": [0.2545553600944257], "stressor_param": [0.8014350339078568], "interactions": [2], "coping_noise": [0.08511188882834642], "repeats": [200], "population_size": [502], "chronic_threshold": [0.0001], "stress_max": [100], "time": [500], "job_nr": [90]}}