{"data_file": "clean", "save_folder": "pre-test\\", "status_type": "linear", "distance_measure": "euclidean", "scenario": "normal", "dutch_w": 0.664, "turkish_w": 0.075, "moroccan_w": 0.13, "ghanaian_w": 0.021, "suriname_w": 0.11, "parameters": {"similarity_min": [0.5002174552481297], "ses_noise": [1], "psr_param": [0.509259544792054], "recover_param": [0.004191385710741336], "prestige_beta": [0.02609976782403491], "prestige_param": [0.4973544070395558], "stressor_param": [0.5881927619832367], "interactions": [2], "coping_noise": [0.048804942136074655], "repeats": [10], "population_size": [502], "chronic_threshold": [0.0001], "stress_max": [10000], "time": [500], "job_nr": [40], "vul_param": [0]}}