{"data_file": "clean", "save_folder": "pre-test\\", "status_type": "linear", "distance_measure": "euclidean", "scenario": "normal", "dutch_w": 0.664, "turkish_w": 0.075, "moroccan_w": 0.13, "ghanaian_w": 0.021, "suriname_w": 0.11, "parameters": {"similarity_min": [0.9267041791524403], "ses_noise": [1], "psr_param": [0.7198317827023525], "recover_param": [0.09942377903739252], "prestige_beta": [0.04828488426724543], "prestige_param": [0.8963477746951853], "stressor_param": [0.6021597194830751], "interactions": [1], "coping_noise": [0.010499428133641351], "repeats": [10], "population_size": [502], "chronic_threshold": [0.0001], "stress_max": [10000], "time": [500], "job_nr": [200], "vul_param": [0]}}