{"data_file": "clean", "save_folder": "pre-test\\", "status_type": "linear", "distance_measure": "euclidean", "scenario": "normal", "dutch_w": 0.664, "turkish_w": 0.075, "moroccan_w": 0.13, "ghanaian_w": 0.021, "suriname_w": 0.11, "parameters": {"similarity_min": [0.7402309994076763], "ses_noise": [3], "psr_param": [0.8815728922649662], "recover_param": [0.09050401188127215], "prestige_beta": [0.04862284511013445], "prestige_param": [0.2838423610707427], "stressor_param": [0.49593112979023013], "interactions": [1], "coping_noise": [0.02911278434123373], "repeats": [10], "population_size": [502], "chronic_threshold": [0.0001], "stress_max": [10000], "time": [500], "job_nr": [190], "vul_param": [0]}}