{"data_file": "clean", "save_folder": "pre-test\\", "status_type": "linear", "distance_measure": "euclidean", "scenario": "normal", "dutch_w": 0.664, "turkish_w": 0.075, "moroccan_w": 0.13, "ghanaian_w": 0.021, "suriname_w": 0.11, "parameters": {"similarity_min": [0.46131079642225326], "ses_noise": [3], "psr_param": [0.6061164657090881], "recover_param": [0.0323147402624213], "prestige_beta": [0.03683440601739665], "prestige_param": [0.9942091802785218], "stressor_param": [0.3087021699064473], "interactions": [1], "coping_noise": [0.07858784245243232], "repeats": [10], "population_size": [502], "chronic_threshold": [0.0001], "stress_max": [10000], "time": [500], "job_nr": [486], "vul_param": [0]}}