{"data_file": "clean", "save_folder": "pre-test\\", "status_type": "linear", "distance_measure": "euclidean", "scenario": "normal", "dutch_w": 0.664, "turkish_w": 0.075, "moroccan_w": 0.13, "ghanaian_w": 0.021, "suriname_w": 0.11, "parameters": {"similarity_min": [0.9648333182670338], "ses_noise": [1], "psr_param": [0.34305708992787654], "recover_param": [0.009915709415580367], "prestige_beta": [0.03981931211990119], "prestige_param": [0.6008057896461597], "stressor_param": [0.8058804478935815], "interactions": [1], "coping_noise": [0.03403156717129608], "repeats": [10], "population_size": [502], "chronic_threshold": [0.0001], "stress_max": [10000], "time": [500], "job_nr": [491], "vul_param": [0]}}