{"data_file": "clean", "save_folder": "pre-test\\", "status_type": "linear", "distance_measure": "euclidean", "scenario": "normal", "dutch_w": 0.664, "turkish_w": 0.075, "moroccan_w": 0.13, "ghanaian_w": 0.021, "suriname_w": 0.11, "parameters": {"similarity_min": [0.22549337687498971], "ses_noise": [3], "psr_param": [0.5642205628506156], "recover_param": [0.0486578743858122], "prestige_beta": [0.028594405907011913], "prestige_param": [0.5136310444334468], "stressor_param": [0.649535253053507], "interactions": [1], "coping_noise": [0.09176075954661733], "repeats": [10], "population_size": [502], "chronic_threshold": [0.0001], "stress_max": [10000], "time": [500], "job_nr": [342], "vul_param": [0]}}