{"data_file": "clean", "save_folder": "pre-test\\", "status_type": "linear", "distance_measure": "euclidean", "scenario": "normal", "dutch_w": 0.664, "turkish_w": 0.075, "moroccan_w": 0.13, "ghanaian_w": 0.021, "suriname_w": 0.11, "parameters": {"similarity_min": [0.12048162900933111], "ses_noise": [0], "psr_param": [0.2529364413838504], "recover_param": [0.06738713867842827], "prestige_beta": [0.03428139089596021], "prestige_param": [0.15412901659185618], "stressor_param": [0.18400788779717148], "interactions": [1], "coping_noise": [0.07104253126687303], "repeats": [10], "population_size": [502], "chronic_threshold": [0.0001], "stress_max": [10000], "time": [500], "job_nr": [368], "vul_param": [0]}}