{"data_file": "clean", "save_folder": "pre-test\\", "status_type": "linear", "distance_measure": "euclidean", "scenario": "normal", "dutch_w": 0.664, "turkish_w": 0.075, "moroccan_w": 0.13, "ghanaian_w": 0.021, "suriname_w": 0.11, "parameters": {"similarity_min": [0.5664957773168828], "ses_noise": [0], "psr_param": [0.571772032963592], "recover_param": [0.008910805772909963], "prestige_beta": [0.016918883458719357], "prestige_param": [0.7485014476670018], "stressor_param": [0.2491824691263228], "interactions": [1], "coping_noise": [0.03276329130019375], "repeats": [10], "population_size": [502], "chronic_threshold": [0.0001], "stress_max": [10000], "time": [500], "job_nr": [28], "vul_param": [0]}}