{"data_file": "clean", "save_folder": "pre-test\\", "status_type": "linear", "distance_measure": "euclidean", "scenario": "normal", "dutch_w": 0.664, "turkish_w": 0.075, "moroccan_w": 0.13, "ghanaian_w": 0.021, "suriname_w": 0.11, "parameters": {"similarity_min": [0.21485104623675244], "ses_noise": [3], "psr_param": [0.5719759285244093], "recover_param": [0.03801109875349204], "prestige_beta": [0.010612281190763559], "prestige_param": [0.7276952421175857], "stressor_param": [0.1894237538084333], "interactions": [2], "coping_noise": [0.08865694063806795], "repeats": [10], "population_size": [502], "chronic_threshold": [0.0001], "stress_max": [10000], "time": [500], "job_nr": [421], "vul_param": [0]}}