{"data_file": "clean", "save_folder": "pre-test\\", "status_type": "linear", "distance_measure": "euclidean", "scenario": "normal", "dutch_w": 0.664, "turkish_w": 0.075, "moroccan_w": 0.13, "ghanaian_w": 0.021, "suriname_w": 0.11, "parameters": {"similarity_min": [0.22672503730943577], "ses_noise": [0.572605844210574], "vul_param": [0.5256786123732811], "psr_param": [0.11446154537849439], "recover_param": [0.19097845908142821], "prestige_beta": [0.000538647391021111], "prestige_param": [0.6757368103678633], "stressor_param": [0.9343575847168479], "interactions": [1], "coping_noise": [0.045635154910094795], "repeats": [200], "population_size": [502], "chronic_threshold": [0.0001], "stress_max": [100], "time": [500], "job_nr": [89]}}