{"data_file": "clean", "save_folder": "pre-test\\", "status_type": "linear", "distance_measure": "euclidean", "scenario": "normal", "dutch_w": 0.664, "turkish_w": 0.075, "moroccan_w": 0.13, "ghanaian_w": 0.021, "suriname_w": 0.11, "parameters": {"similarity_min": [0.22043954524071102], "ses_noise": [3], "psr_param": [0.10900250429575828], "recover_param": [0.013925661066647704], "prestige_beta": [0.009704023193118597], "prestige_param": [0.23437759044212295], "stressor_param": [0.9612239858465211], "interactions": [1], "coping_noise": [0.07198825711710219], "repeats": [10], "population_size": [502], "chronic_threshold": [0.0001], "stress_max": [10000], "time": [500], "job_nr": [133], "vul_param": [0]}}