{"data_file": "clean", "save_folder": "pre-test\\", "status_type": "linear", "distance_measure": "euclidean", "scenario": "normal", "dutch_w": 0.664, "turkish_w": 0.075, "moroccan_w": 0.13, "ghanaian_w": 0.021, "suriname_w": 0.11, "parameters": {"similarity_min": [0.5672595093873837], "ses_noise": [0], "psr_param": [0.27447080863171447], "recover_param": [0.0160877474365829], "prestige_beta": [0.03147576000459257], "prestige_param": [0.8432071812491766], "stressor_param": [0.48366220220553324], "interactions": [2], "coping_noise": [0.029000690952445334], "repeats": [10], "population_size": [502], "chronic_threshold": [0.0001], "stress_max": [10000], "time": [500], "job_nr": [32], "vul_param": [0]}}