{"data_file": "clean", "save_folder": "pre-test\\", "status_type": "linear", "distance_measure": "euclidean", "scenario": "normal", "dutch_w": 0.664, "turkish_w": 0.075, "moroccan_w": 0.13, "ghanaian_w": 0.021, "suriname_w": 0.11, "parameters": {"similarity_min": [0.19767799752836834], "ses_noise": [0], "psr_param": [0.6337870842802737], "recover_param": [0.029707302455701537], "prestige_beta": [0.006170412501418829], "prestige_param": [0.8159079359462977], "stressor_param": [0.22048825066733319], "interactions": [2], "coping_noise": [0.07285734693943116], "repeats": [10], "population_size": [502], "chronic_threshold": [0.0001], "stress_max": [10000], "time": [500], "job_nr": [494], "vul_param": [0]}}