{"data_file": "clean", "save_folder": "pre-test\\", "status_type": "linear", "distance_measure": "euclidean", "scenario": "normal", "dutch_w": 0.664, "turkish_w": 0.075, "moroccan_w": 0.13, "ghanaian_w": 0.021, "suriname_w": 0.11, "parameters": {"similarity_min": [0.9002902214091384], "ses_noise": [3], "psr_param": [0.9824460150723175], "recover_param": [0.006033445255709899], "prestige_beta": [0.027541211511953795], "prestige_param": [0.6105451286276184], "stressor_param": [0.8769383615546716], "interactions": [2], "coping_noise": [0.02350526550981532], "repeats": [10], "population_size": [502], "chronic_threshold": [0.0001], "stress_max": [10000], "time": [500], "job_nr": [87], "vul_param": [0]}}