{"data_file": "clean", "save_folder": "pre-test\\", "status_type": "linear", "distance_measure": "euclidean", "scenario": "normal", "dutch_w": 0.664, "turkish_w": 0.075, "moroccan_w": 0.13, "ghanaian_w": 0.021, "suriname_w": 0.11, "parameters": {"similarity_min": [0.20846613627951632], "ses_noise": [0], "psr_param": [0.5129142921953408], "recover_param": [0.03990045297849987], "prestige_beta": [0.047275977463218787], "prestige_param": [0.6062629417914561], "stressor_param": [0.4218665534383994], "interactions": [2], "coping_noise": [0.019082177737315943], "repeats": [10], "population_size": [502], "chronic_threshold": [0.0001], "stress_max": [10000], "time": [500], "job_nr": [174], "vul_param": [0]}}