{"data_file": "clean", "save_folder": "pre-test\\", "status_type": "linear", "distance_measure": "euclidean", "scenario": "normal", "dutch_w": 0.664, "turkish_w": 0.075, "moroccan_w": 0.13, "ghanaian_w": 0.021, "suriname_w": 0.11, "parameters": {"similarity_min": [0.8405076974190058], "ses_noise": [2], "psr_param": [0.2381028779488242], "recover_param": [0.08062499396160926], "prestige_beta": [0.035250983071341044], "prestige_param": [0.8389201790164074], "stressor_param": [0.9889511235485376], "interactions": [2], "coping_noise": [0.015218698032136794], "repeats": [10], "population_size": [502], "chronic_threshold": [0.0001], "stress_max": [10000], "time": [500], "job_nr": [100], "vul_param": [0]}}