{"data_file": "clean", "save_folder": "pre-test\\", "status_type": "linear", "distance_measure": "euclidean", "scenario": "normal", "dutch_w": 0.664, "turkish_w": 0.075, "moroccan_w": 0.13, "ghanaian_w": 0.021, "suriname_w": 0.11, "parameters": {"similarity_min": [0.41461491650118065], "ses_noise": [2], "psr_param": [0.6088894426024835], "recover_param": [0.04332346551366028], "prestige_beta": [0.007255608683239601], "prestige_param": [0.5267483020404281], "stressor_param": [0.8175998888442243], "interactions": [2], "coping_noise": [0.08723349238456915], "repeats": [10], "population_size": [502], "chronic_threshold": [0.0001], "stress_max": [10000], "time": [500], "job_nr": [234], "vul_param": [0]}}