{"data_file": "clean", "save_folder": "pre-test\\", "status_type": "linear", "distance_measure": "euclidean", "scenario": "normal", "dutch_w": 0.664, "turkish_w": 0.075, "moroccan_w": 0.13, "ghanaian_w": 0.021, "suriname_w": 0.11, "parameters": {"similarity_min": [0.7721466806990368], "ses_noise": [3], "psr_param": [0.18822686676659425], "recover_param": [0.07894041952771028], "prestige_beta": [0.005578441383565362], "prestige_param": [0.643207217616825], "stressor_param": [0.991005776280366], "interactions": [1], "coping_noise": [0.012442086817165889], "repeats": [10], "population_size": [502], "chronic_threshold": [0.0001], "stress_max": [10000], "time": [500], "job_nr": [320], "vul_param": [0]}}