{"data_file": "clean", "save_folder": "pre-test\\", "status_type": "linear", "distance_measure": "euclidean", "scenario": "normal", "dutch_w": 0.664, "turkish_w": 0.075, "moroccan_w": 0.13, "ghanaian_w": 0.021, "suriname_w": 0.11, "parameters": {"similarity_min": [0.2990168082134861], "ses_noise": [2], "psr_param": [0.9133428902813406], "recover_param": [0.01759610455060569], "prestige_beta": [0.014313429072013287], "prestige_param": [0.18567269000340103], "stressor_param": [0.796714033013425], "interactions": [2], "coping_noise": [0.07706709058524966], "repeats": [10], "population_size": [502], "chronic_threshold": [0.0001], "stress_max": [10000], "time": [500], "job_nr": [387], "vul_param": [0]}}