{"data_file": "clean", "save_folder": "pre-test\\", "status_type": "linear", "distance_measure": "euclidean", "scenario": "normal", "dutch_w": 0.664, "turkish_w": 0.075, "moroccan_w": 0.13, "ghanaian_w": 0.021, "suriname_w": 0.11, "parameters": {"similarity_min": [0.5666496165786903], "ses_noise": [0], "psr_param": [0.5322770667583363], "recover_param": [0.03211093931739778], "prestige_beta": [0.028462867496315648], "prestige_param": [0.4652925453319431], "stressor_param": [0.2927248267708531], "interactions": [1], "coping_noise": [0.046637262462604745], "repeats": [10], "population_size": [502], "chronic_threshold": [0.0001], "stress_max": [10000], "time": [500], "job_nr": [434], "vul_param": [0]}}