{"data_file": "clean", "save_folder": "pre-test\\", "status_type": "linear", "distance_measure": "euclidean", "scenario": "normal", "dutch_w": 0.664, "turkish_w": 0.075, "moroccan_w": 0.13, "ghanaian_w": 0.021, "suriname_w": 0.11, "parameters": {"similarity_min": [0.140681350478096], "ses_noise": [2], "psr_param": [0.4155912144499794], "recover_param": [0.08417190906218347], "prestige_beta": [0.015442749620691469], "prestige_param": [0.7554920631938881], "stressor_param": [0.8666494292950122], "interactions": [1], "coping_noise": [0.06696830469177341], "repeats": [10], "population_size": [502], "chronic_threshold": [0.0001], "stress_max": [10000], "time": [500], "job_nr": [394], "vul_param": [0]}}