{"data_file": "clean", "save_folder": "pre-test\\", "status_type": "linear", "distance_measure": "euclidean", "scenario": "normal", "dutch_w": 0.664, "turkish_w": 0.075, "moroccan_w": 0.13, "ghanaian_w": 0.021, "suriname_w": 0.11, "parameters": {"similarity_min": [0.9790474537989741], "ses_noise": [3], "psr_param": [0.5763045246245212], "recover_param": [0.07645157873582652], "prestige_beta": [0.012075592394378894], "prestige_param": [0.4590056184180794], "stressor_param": [0.8915554901986568], "interactions": [2], "coping_noise": [0.028376819931029383], "repeats": [10], "population_size": [502], "chronic_threshold": [0.0001], "stress_max": [10000], "time": [500], "job_nr": [143], "vul_param": [0]}}