{"data_file": "clean", "save_folder": "pre-test\\", "status_type": "linear", "distance_measure": "euclidean", "scenario": "normal", "dutch_w": 0.664, "turkish_w": 0.075, "moroccan_w": 0.13, "ghanaian_w": 0.021, "suriname_w": 0.11, "parameters": {"similarity_min": [0.19746304516922308], "ses_noise": [0], "psr_param": [0.19006864022245348], "recover_param": [0.02975140248002112], "prestige_beta": [0.04190586569685548], "prestige_param": [0.15713006386404024], "stressor_param": [0.41121161700179076], "interactions": [2], "coping_noise": [0.0363031588823798], "repeats": [10], "population_size": [502], "chronic_threshold": [0.0001], "stress_max": [10000], "time": [500], "job_nr": [465], "vul_param": [0]}}