{"data_file": "clean", "save_folder": "pre-test\\", "status_type": "linear", "distance_measure": "euclidean", "scenario": "normal", "dutch_w": 0.664, "turkish_w": 0.075, "moroccan_w": 0.13, "ghanaian_w": 0.021, "suriname_w": 0.11, "parameters": {"similarity_min": [0.856968949406282], "ses_noise": [0], "psr_param": [0.5759516194149881], "recover_param": [0.036539281908725456], "prestige_beta": [0.017931412262543727], "prestige_param": [0.6943358181563943], "stressor_param": [0.8831946107316884], "interactions": [2], "coping_noise": [0.05151817274827051], "repeats": [10], "population_size": [502], "chronic_threshold": [0.0001], "stress_max": [10000], "time": [500], "job_nr": [424], "vul_param": [0]}}