{"data_file": "clean", "save_folder": "pre-test\\", "status_type": "linear", "distance_measure": "euclidean", "scenario": "normal", "dutch_w": 0.664, "turkish_w": 0.075, "moroccan_w": 0.13, "ghanaian_w": 0.021, "suriname_w": 0.11, "parameters": {"similarity_min": [0.9061046136714256], "ses_noise": [3], "psr_param": [0.5493001292809107], "recover_param": [0.062462534978968046], "prestige_beta": [0.018240982735540312], "prestige_param": [0.2892109809299981], "stressor_param": [0.8390248522123409], "interactions": [1], "coping_noise": [0.05598134993782111], "repeats": [10], "population_size": [502], "chronic_threshold": [0.0001], "stress_max": [10000], "time": [500], "job_nr": [439], "vul_param": [0]}}