{"data_file": "clean", "save_folder": "pre-test\\", "status_type": "linear", "distance_measure": "euclidean", "scenario": "normal", "dutch_w": 0.664, "turkish_w": 0.075, "moroccan_w": 0.13, "ghanaian_w": 0.021, "suriname_w": 0.11, "parameters": {"similarity_min": [0.5032783071585141], "ses_noise": [3], "psr_param": [0.7933183809544151], "recover_param": [0.03265908083745512], "prestige_beta": [0.048333523194924684], "prestige_param": [0.30064310484306894], "stressor_param": [0.2722356825824325], "interactions": [2], "coping_noise": [0.05466055681804537], "repeats": [10], "population_size": [502], "chronic_threshold": [0.0001], "stress_max": [10000], "time": [500], "job_nr": [450], "vul_param": [0]}}