{"data_file": "clean", "save_folder": "pre-test\\", "status_type": "linear", "distance_measure": "euclidean", "scenario": "normal", "dutch_w": 0.664, "turkish_w": 0.075, "moroccan_w": 0.13, "ghanaian_w": 0.021, "suriname_w": 0.11, "parameters": {"similarity_min": [0.26725478253315604], "ses_noise": [2.1701323662980627], "vul_param": [0.8489408441981767], "psr_param": [0.511773914795995], "recover_param": [0.14468797296917363], "prestige_beta": [0.003108600778965283], "prestige_param": [0.2306714372265789], "stressor_param": [0.3626331088921241], "interactions": [2], "coping_noise": [0.010349956280709756], "repeats": [200], "population_size": [502], "chronic_threshold": [0.0001], "stress_max": [100], "time": [500], "job_nr": [35]}}