{"data_file": "clean", "save_folder": "pre-test\\", "status_type": "linear", "distance_measure": "euclidean", "scenario": "normal", "dutch_w": 0.664, "turkish_w": 0.075, "moroccan_w": 0.13, "ghanaian_w": 0.021, "suriname_w": 0.11, "parameters": {"similarity_min": [0.7400959620015438], "ses_noise": [2], "psr_param": [0.12877971431040003], "recover_param": [0.06529157405565102], "prestige_beta": [0.04102458834043514], "prestige_param": [0.9580305395929044], "stressor_param": [0.7701779960395749], "interactions": [2], "coping_noise": [0.025406033507346798], "repeats": [10], "population_size": [502], "chronic_threshold": [0.0001], "stress_max": [10000], "time": [500], "job_nr": [127], "vul_param": [0]}}