{"data_file": "clean", "save_folder": "pre-test\\", "status_type": "linear", "distance_measure": "euclidean", "scenario": "normal", "dutch_w": 0.664, "turkish_w": 0.075, "moroccan_w": 0.13, "ghanaian_w": 0.021, "suriname_w": 0.11, "parameters": {"similarity_min": [0.666604056999612], "ses_noise": [3], "psr_param": [0.3199143283668294], "recover_param": [0.02783649086303984], "prestige_beta": [0.015241047102460388], "prestige_param": [0.28241416460391466], "stressor_param": [0.6057823626274745], "interactions": [2], "coping_noise": [0.08172887147795535], "repeats": [10], "population_size": [502], "chronic_threshold": [0.0001], "stress_max": [10000], "time": [500], "job_nr": [41], "vul_param": [0]}}