{"data_file": "clean", "save_folder": "pre-test\\", "status_type": "linear", "distance_measure": "euclidean", "scenario": "normal", "dutch_w": 0.664, "turkish_w": 0.075, "moroccan_w": 0.13, "ghanaian_w": 0.021, "suriname_w": 0.11, "parameters": {"similarity_min": [0.5847617287752219], "ses_noise": [2], "psr_param": [0.1316244394252973], "recover_param": [0.08060513477256903], "prestige_beta": [0.018027155911061483], "prestige_param": [0.6146237505962562], "stressor_param": [0.1373761814754971], "interactions": [1], "coping_noise": [0.04491964214829854], "repeats": [10], "population_size": [502], "chronic_threshold": [0.0001], "stress_max": [10000], "time": [500], "job_nr": [408], "vul_param": [0]}}