{"data_file": "clean", "save_folder": "pre-test\\", "status_type": "linear", "distance_measure": "euclidean", "scenario": "normal", "dutch_w": 0.664, "turkish_w": 0.075, "moroccan_w": 0.13, "ghanaian_w": 0.021, "suriname_w": 0.11, "parameters": {"similarity_min": [0.7798280990140584], "ses_noise": [1], "psr_param": [0.21265136506673724], "recover_param": [0.08424183215057805], "prestige_beta": [0.022749484330430204], "prestige_param": [0.33102860403514284], "stressor_param": [0.9703047907361316], "interactions": [2], "coping_noise": [0.019660178296533593], "repeats": [10], "population_size": [502], "chronic_threshold": [0.0001], "stress_max": [10000], "time": [500], "job_nr": [25], "vul_param": [0]}}