{"data_file": "clean", "save_folder": "pre-test\\", "status_type": "linear", "distance_measure": "euclidean", "scenario": "normal", "dutch_w": 0.664, "turkish_w": 0.075, "moroccan_w": 0.13, "ghanaian_w": 0.021, "suriname_w": 0.11, "parameters": {"similarity_min": [0.2967168343258128], "ses_noise": [3], "psr_param": [0.5467136155093014], "recover_param": [0.06482127740762333], "prestige_beta": [0.011435092614617101], "prestige_param": [0.6770345427653118], "stressor_param": [0.4607527004084946], "interactions": [1], "coping_noise": [0.0497122772667234], "repeats": [10], "population_size": [502], "chronic_threshold": [0.0001], "stress_max": [10000], "time": [500], "job_nr": [490], "vul_param": [0]}}