{"data_file": "clean", "save_folder": "pre-test\\", "status_type": "linear", "distance_measure": "euclidean", "scenario": "normal", "dutch_w": 0.664, "turkish_w": 0.075, "moroccan_w": 0.13, "ghanaian_w": 0.021, "suriname_w": 0.11, "parameters": {"similarity_min": [0.20713108216049747], "ses_noise": [0.8545667440754436], "vul_param": [0.3848415299742307], "psr_param": [0.1872352991692755], "recover_param": [0.19356594776391026], "prestige_beta": [0.0018080173247242896], "prestige_param": [0.991257827906039], "stressor_param": [0.6661212231011683], "interactions": [1], "coping_noise": [0.06258010091758079], "repeats": [200], "population_size": [502], "chronic_threshold": [0.0001], "stress_max": [100], "time": [500], "job_nr": [79]}}