{"data_file": "clean", "save_folder": "pre-test\\", "status_type": "linear", "distance_measure": "euclidean", "scenario": "normal", "dutch_w": 0.664, "turkish_w": 0.075, "moroccan_w": 0.13, "ghanaian_w": 0.021, "suriname_w": 0.11, "parameters": {"similarity_min": [0.7982106639536578], "ses_noise": [0], "psr_param": [0.2865087741499128], "recover_param": [0.08006093908139542], "prestige_beta": [0.04931087990999785], "prestige_param": [0.4636157349802361], "stressor_param": [0.7312996344384636], "interactions": [2], "coping_noise": [0.02767881030901754], "repeats": [10], "population_size": [502], "chronic_threshold": [0.0001], "stress_max": [10000], "time": [500], "job_nr": [150], "vul_param": [0]}}