{"data_file": "clean", "save_folder": "pre-test\\", "status_type": "linear", "distance_measure": "euclidean", "scenario": "normal", "dutch_w": 0.664, "turkish_w": 0.075, "moroccan_w": 0.13, "ghanaian_w": 0.021, "suriname_w": 0.11, "parameters": {"similarity_min": [0.671226939245722], "ses_noise": [2], "psr_param": [0.723389312341677], "recover_param": [0.08954944959778793], "prestige_beta": [0.026846847665586492], "prestige_param": [0.3567872492351609], "stressor_param": [0.5639663855653115], "interactions": [2], "coping_noise": [0.027481371203385598], "repeats": [10], "population_size": [502], "chronic_threshold": [0.0001], "stress_max": [10000], "time": [500], "job_nr": [487], "vul_param": [0]}}