{"data_file": "clean", "save_folder": "pre-test\\", "status_type": "linear", "distance_measure": "euclidean", "scenario": "normal", "dutch_w": 0.664, "turkish_w": 0.075, "moroccan_w": 0.13, "ghanaian_w": 0.021, "suriname_w": 0.11, "parameters": {"similarity_min": [0.7402493681764719], "ses_noise": [0], "psr_param": [0.5833862216913702], "recover_param": [0.03693830834059959], "prestige_beta": [0.0402294513061059], "prestige_param": [0.6523810513487054], "stressor_param": [0.19308338643479378], "interactions": [2], "coping_noise": [0.024127375672918686], "repeats": [10], "population_size": [502], "chronic_threshold": [0.0001], "stress_max": [10000], "time": [500], "job_nr": [307], "vul_param": [0]}}