{"data_file": "clean", "save_folder": "pre-test\\", "status_type": "linear", "distance_measure": "euclidean", "scenario": "normal", "dutch_w": 0.664, "turkish_w": 0.075, "moroccan_w": 0.13, "ghanaian_w": 0.021, "suriname_w": 0.11, "parameters": {"similarity_min": [0.762185423064147], "ses_noise": [0], "psr_param": [0.30766518645719076], "recover_param": [0.008248130274225458], "prestige_beta": [0.029830441771631046], "prestige_param": [0.9669964490025946], "stressor_param": [0.2664107579971615], "interactions": [1], "coping_noise": [0.09785363421005584], "repeats": [10], "population_size": [502], "chronic_threshold": [0.0001], "stress_max": [10000], "time": [500], "job_nr": [198], "vul_param": [0]}}