{"data_file": "clean", "save_folder": "pre-test\\", "status_type": "linear", "distance_measure": "euclidean", "scenario": "normal", "dutch_w": 0.664, "turkish_w": 0.075, "moroccan_w": 0.13, "ghanaian_w": 0.021, "suriname_w": 0.11, "parameters": {"similarity_min": [0.2627677760328593], "ses_noise": [2], "psr_param": [0.44270177706626557], "recover_param": [0.08366296090536927], "prestige_beta": [0.01328182553209125], "prestige_param": [0.5425576313403625], "stressor_param": [0.9087664039946297], "interactions": [2], "coping_noise": [0.02388978711670131], "repeats": [10], "population_size": [502], "chronic_threshold": [0.0001], "stress_max": [10000], "time": [500], "job_nr": [48], "vul_param": [0]}}