{"data_file": "clean", "save_folder": "pre-test\\", "status_type": "linear", "distance_measure": "euclidean", "scenario": "normal", "dutch_w": 0.664, "turkish_w": 0.075, "moroccan_w": 0.13, "ghanaian_w": 0.021, "suriname_w": 0.11, "parameters": {"similarity_min": [0.6740067390743848], "ses_noise": [2], "psr_param": [0.6253067122482397], "recover_param": [0.0720775214756526], "prestige_beta": [0.011280302807620693], "prestige_param": [0.40441088525012525], "stressor_param": [0.16842111223711131], "interactions": [2], "coping_noise": [0.03655176484952174], "repeats": [10], "population_size": [502], "chronic_threshold": [0.0001], "stress_max": [10000], "time": [500], "job_nr": [438], "vul_param": [0]}}