{"data_file": "clean", "save_folder": "pre-test\\", "status_type": "linear", "distance_measure": "euclidean", "scenario": "normal", "dutch_w": 0.664, "turkish_w": 0.075, "moroccan_w": 0.13, "ghanaian_w": 0.021, "suriname_w": 0.11, "parameters": {"similarity_min": [0.08426074796687405], "ses_noise": [2.419385336313666], "vul_param": [0.2755340684800445], "psr_param": [0.3843799458242342], "recover_param": [0.1642205819537283], "prestige_beta": [0.0006618596924839412], "prestige_param": [0.4580440723921657], "stressor_param": [0.43375786545554584], "interactions": [1], "coping_noise": [0.06761559471486465], "repeats": [200], "population_size": [502], "chronic_threshold": [0.0001], "stress_max": [100], "time": [500], "job_nr": [32]}}