{"data_file": "clean", "save_folder": "pre-test\\", "status_type": "linear", "distance_measure": "euclidean", "scenario": "normal", "dutch_w": 0.664, "turkish_w": 0.075, "moroccan_w": 0.13, "ghanaian_w": 0.021, "suriname_w": 0.11, "parameters": {"similarity_min": [0.8434919783035343], "ses_noise": [1], "psr_param": [0.29851413760074047], "recover_param": [0.023351947479306898], "prestige_beta": [0.03450843850995293], "prestige_param": [0.16931892729387998], "stressor_param": [0.6253019067946048], "interactions": [2], "coping_noise": [0.03927885514530629], "repeats": [10], "population_size": [502], "chronic_threshold": [0.0001], "stress_max": [10000], "time": [500], "job_nr": [372], "vul_param": [0]}}