{"data_file": "clean", "save_folder": "pre-test\\", "status_type": "linear", "distance_measure": "euclidean", "scenario": "normal", "dutch_w": 0.664, "turkish_w": 0.075, "moroccan_w": 0.13, "ghanaian_w": 0.021, "suriname_w": 0.11, "parameters": {"similarity_min": [0.9904210145992911], "ses_noise": [1], "psr_param": [0.7279152793873451], "recover_param": [0.0889796419219765], "prestige_beta": [0.04796448067088228], "prestige_param": [0.32694241597402096], "stressor_param": [0.4953921197939123], "interactions": [1], "coping_noise": [0.023488138969307758], "repeats": [10], "population_size": [502], "chronic_threshold": [0.0001], "stress_max": [10000], "time": [500], "job_nr": [68], "vul_param": [0]}}