{"data_file": "clean", "save_folder": "pre-test\\", "status_type": "linear", "distance_measure": "euclidean", "scenario": "normal", "dutch_w": 0.664, "turkish_w": 0.075, "moroccan_w": 0.13, "ghanaian_w": 0.021, "suriname_w": 0.11, "parameters": {"similarity_min": [0.24721343395792073], "ses_noise": [1.279356409240068], "vul_param": [0.26075164443445437], "psr_param": [0.4244859368981645], "recover_param": [0.1181824636174543], "prestige_beta": [0.003209812029714575], "prestige_param": [0.4826847698793824], "stressor_param": [0.5400499563019447], "interactions": [2], "coping_noise": [0.048249033075073826], "repeats": [200], "population_size": [502], "chronic_threshold": [0.0001], "stress_max": [100], "time": [500], "job_nr": [51]}}