{"data_file": "clean", "save_folder": "pre-test\\", "status_type": "linear", "distance_measure": "euclidean", "scenario": "normal", "dutch_w": 0.664, "turkish_w": 0.075, "moroccan_w": 0.13, "ghanaian_w": 0.021, "suriname_w": 0.11, "parameters": {"similarity_min": [0.5760380232169051], "ses_noise": [3], "psr_param": [0.14365113242391403], "recover_param": [0.029185909172016487], "prestige_beta": [0.0255690123762613], "prestige_param": [0.3931235929796786], "stressor_param": [0.1543895105826283], "interactions": [2], "coping_noise": [0.06742494007198882], "repeats": [10], "population_size": [502], "chronic_threshold": [0.0001], "stress_max": [10000], "time": [500], "job_nr": [148], "vul_param": [0]}}