{"data_file": "clean", "save_folder": "pre-test\\", "status_type": "linear", "distance_measure": "euclidean", "scenario": "normal", "dutch_w": 0.664, "turkish_w": 0.075, "moroccan_w": 0.13, "ghanaian_w": 0.021, "suriname_w": 0.11, "parameters": {"similarity_min": [0.9192964719319826], "ses_noise": [0], "psr_param": [0.5670654442864157], "recover_param": [0.04544207178069739], "prestige_beta": [0.015097463554838285], "prestige_param": [0.4384041203130623], "stressor_param": [0.7503003789705307], "interactions": [1], "coping_noise": [0.02793847138943667], "repeats": [10], "population_size": [502], "chronic_threshold": [0.0001], "stress_max": [10000], "time": [500], "job_nr": [73], "vul_param": [0]}}