{"data_file": "clean", "save_folder": "pre-test\\", "status_type": "linear", "distance_measure": "euclidean", "scenario": "normal", "dutch_w": 0.664, "turkish_w": 0.075, "moroccan_w": 0.13, "ghanaian_w": 0.021, "suriname_w": 0.11, "parameters": {"similarity_min": [0.5634643975223569], "ses_noise": [0], "psr_param": [0.6480270334183454], "recover_param": [0.07680487920720584], "prestige_beta": [0.04715171197634699], "prestige_param": [0.39037449413297964], "stressor_param": [0.6025107115549455], "interactions": [1], "coping_noise": [0.03954643670889713], "repeats": [10], "population_size": [502], "chronic_threshold": [0.0001], "stress_max": [10000], "time": [500], "job_nr": [477], "vul_param": [0]}}