{"data_file": "clean", "save_folder": "pre-test\\", "status_type": "linear", "distance_measure": "euclidean", "scenario": "normal", "dutch_w": 0.664, "turkish_w": 0.075, "moroccan_w": 0.13, "ghanaian_w": 0.021, "suriname_w": 0.11, "parameters": {"similarity_min": [0.6310583444564112], "ses_noise": [0], "psr_param": [0.20037295102397068], "recover_param": [0.07801907728226141], "prestige_beta": [0.04664288691887128], "prestige_param": [0.43931527210370913], "stressor_param": [0.7587093499083928], "interactions": [2], "coping_noise": [0.02105881323307717], "repeats": [10], "population_size": [502], "chronic_threshold": [0.0001], "stress_max": [10000], "time": [500], "job_nr": [197], "vul_param": [0]}}