{"data_file": "clean", "save_folder": "pre-test\\", "status_type": "linear", "distance_measure": "euclidean", "scenario": "normal", "dutch_w": 0.664, "turkish_w": 0.075, "moroccan_w": 0.13, "ghanaian_w": 0.021, "suriname_w": 0.11, "parameters": {"similarity_min": [0.8856195935987375], "ses_noise": [0], "psr_param": [0.6796493970769975], "recover_param": [0.017674331651809122], "prestige_beta": [0.032457437673474566], "prestige_param": [0.3888708277901719], "stressor_param": [0.4450563808872088], "interactions": [2], "coping_noise": [0.09342674718249407], "repeats": [10], "population_size": [502], "chronic_threshold": [0.0001], "stress_max": [10000], "time": [500], "job_nr": [253], "vul_param": [0]}}