{"data_file": "clean", "save_folder": "pre-test\\", "status_type": "linear", "distance_measure": "euclidean", "scenario": "normal", "dutch_w": 0.664, "turkish_w": 0.075, "moroccan_w": 0.13, "ghanaian_w": 0.021, "suriname_w": 0.11, "parameters": {"similarity_min": [0.218917511916453], "ses_noise": [2], "psr_param": [0.5966025364213488], "recover_param": [0.05475820177161094], "prestige_beta": [0.029690287850233723], "prestige_param": [0.41765234060637846], "stressor_param": [0.4686011741283834], "interactions": [1], "coping_noise": [0.057313471047537895], "repeats": [10], "population_size": [502], "chronic_threshold": [0.0001], "stress_max": [10000], "time": [500], "job_nr": [499], "vul_param": [0]}}