{"data_file": "clean", "save_folder": "pre-test\\", "status_type": "linear", "distance_measure": "euclidean", "scenario": "normal", "dutch_w": 0.664, "turkish_w": 0.075, "moroccan_w": 0.13, "ghanaian_w": 0.021, "suriname_w": 0.11, "parameters": {"similarity_min": [0.8902161685676706], "ses_noise": [1], "psr_param": [0.5010121057026431], "recover_param": [0.023219808810579435], "prestige_beta": [0.03422298504105975], "prestige_param": [0.418103664012613], "stressor_param": [0.8131021981843116], "interactions": [2], "coping_noise": [0.02953688195984759], "repeats": [10], "population_size": [502], "chronic_threshold": [0.0001], "stress_max": [10000], "time": [500], "job_nr": [122], "vul_param": [0]}}