{"data_file": "clean", "save_folder": "pre-test\\", "status_type": "linear", "distance_measure": "euclidean", "scenario": "normal", "dutch_w": 0.664, "turkish_w": 0.075, "moroccan_w": 0.13, "ghanaian_w": 0.021, "suriname_w": 0.11, "parameters": {"similarity_min": [0.868904564561854], "ses_noise": [2], "psr_param": [0.8672834500429069], "recover_param": [0.024931435142780664], "prestige_beta": [0.020821223614022357], "prestige_param": [0.9721542647638156], "stressor_param": [0.7137884549956295], "interactions": [2], "coping_noise": [0.06724206199778539], "repeats": [10], "population_size": [502], "chronic_threshold": [0.0001], "stress_max": [10000], "time": [500], "job_nr": [182], "vul_param": [0]}}