{"data_file": "clean", "save_folder": "pre-test\\", "status_type": "linear", "distance_measure": "euclidean", "scenario": "normal", "dutch_w": 0.664, "turkish_w": 0.075, "moroccan_w": 0.13, "ghanaian_w": 0.021, "suriname_w": 0.11, "parameters": {"similarity_min": [0.9856453010123495], "ses_noise": [3], "psr_param": [0.3173095824675566], "recover_param": [0.05698745442546046], "prestige_beta": [0.042948690542743875], "prestige_param": [0.2497458453525217], "stressor_param": [0.9811527359294149], "interactions": [1], "coping_noise": [0.055618974377002924], "repeats": [10], "population_size": [502], "chronic_threshold": [0.0001], "stress_max": [10000], "time": [500], "job_nr": [158], "vul_param": [0]}}