{"data_file": "clean", "save_folder": "pre-test\\", "status_type": "linear", "distance_measure": "euclidean", "scenario": "normal", "dutch_w": 0.664, "turkish_w": 0.075, "moroccan_w": 0.13, "ghanaian_w": 0.021, "suriname_w": 0.11, "parameters": {"similarity_min": [0.2508970659600019], "ses_noise": [0.46435655275124377], "vul_param": [0.8667687097267218], "psr_param": [0.23591840751307594], "recover_param": [0.17983726606550549], "prestige_beta": [0.002184578917135925], "prestige_param": [0.21651299225721143], "stressor_param": [0.12803917862300382], "interactions": [2], "coping_noise": [0.063624418310791], "repeats": [200], "population_size": [502], "chronic_threshold": [0.0001], "stress_max": [100], "time": [500], "job_nr": [99]}}