{"data_file": "clean", "save_folder": "pre-test\\", "status_type": "linear", "distance_measure": "euclidean", "scenario": "normal", "dutch_w": 0.664, "turkish_w": 0.075, "moroccan_w": 0.13, "ghanaian_w": 0.021, "suriname_w": 0.11, "parameters": {"similarity_min": [0.3284528730573302], "ses_noise": [3], "psr_param": [0.39305957460410035], "recover_param": [0.004075693050872591], "prestige_beta": [0.016275870966491853], "prestige_param": [0.3263081310551887], "stressor_param": [0.7015229770499132], "interactions": [1], "coping_noise": [0.048233815077733826], "repeats": [10], "population_size": [502], "chronic_threshold": [0.0001], "stress_max": [10000], "time": [500], "job_nr": [181], "vul_param": [0]}}