{"data_file": "clean", "save_folder": "pre-test\\", "status_type": "linear", "distance_measure": "euclidean", "scenario": "normal", "dutch_w": 0.664, "turkish_w": 0.075, "moroccan_w": 0.13, "ghanaian_w": 0.021, "suriname_w": 0.11, "parameters": {"similarity_min": [0.08070763947563697], "ses_noise": [2.898479403516477], "vul_param": [0.6572214719558542], "psr_param": [0.7351236970233979], "recover_param": [0.14748123347352243], "prestige_beta": [0.0008862930262897191], "prestige_param": [0.33902156068448663], "stressor_param": [0.9539000623693192], "interactions": [2], "coping_noise": [0.06858484512461276], "repeats": [200], "population_size": [502], "chronic_threshold": [0.0001], "stress_max": [100], "time": [500], "job_nr": [26]}}