{"data_file": "clean", "save_folder": "pre-test\\", "status_type": "linear", "distance_measure": "euclidean", "scenario": "normal", "dutch_w": 0.664, "turkish_w": 0.075, "moroccan_w": 0.13, "ghanaian_w": 0.021, "suriname_w": 0.11, "parameters": {"similarity_min": [0.43680643346068126], "ses_noise": [1], "psr_param": [0.3989009188644418], "recover_param": [0.030881959212421116], "prestige_beta": [0.028511158477497602], "prestige_param": [0.36023461095992315], "stressor_param": [0.6476192520986918], "interactions": [1], "coping_noise": [0.07392291873782927], "repeats": [10], "population_size": [502], "chronic_threshold": [0.0001], "stress_max": [10000], "time": [500], "job_nr": [69], "vul_param": [0]}}