{"data_file": "clean", "save_folder": "pre-test\\", "status_type": "linear", "distance_measure": "euclidean", "scenario": "normal", "dutch_w": 0.664, "turkish_w": 0.075, "moroccan_w": 0.13, "ghanaian_w": 0.021, "suriname_w": 0.11, "parameters": {"similarity_min": [0.292815528970963], "ses_noise": [2], "psr_param": [0.19114832952517608], "recover_param": [0.007780186024776066], "prestige_beta": [0.032779512359946146], "prestige_param": [0.7896219455149508], "stressor_param": [0.5752870550414183], "interactions": [2], "coping_noise": [0.035591393911530045], "repeats": [10], "population_size": [502], "chronic_threshold": [0.0001], "stress_max": [10000], "time": [500], "job_nr": [208], "vul_param": [0]}}