{"data_file": "clean", "save_folder": "pre-test\\", "status_type": "linear", "distance_measure": "euclidean", "scenario": "normal", "dutch_w": 0.664, "turkish_w": 0.075, "moroccan_w": 0.13, "ghanaian_w": 0.021, "suriname_w": 0.11, "parameters": {"similarity_min": [0.44594589580485455], "ses_noise": [2], "psr_param": [0.18085870393960216], "recover_param": [0.015288019778447362], "prestige_beta": [0.032194935566522816], "prestige_param": [0.9181370301708917], "stressor_param": [0.1867091043766787], "interactions": [2], "coping_noise": [0.084901843226345], "repeats": [10], "population_size": [502], "chronic_threshold": [0.0001], "stress_max": [10000], "time": [500], "job_nr": [124], "vul_param": [0]}}