{"data_file": "clean", "save_folder": "pre-test\\", "status_type": "linear", "distance_measure": "euclidean", "scenario": "normal", "dutch_w": 0.664, "turkish_w": 0.075, "moroccan_w": 0.13, "ghanaian_w": 0.021, "suriname_w": 0.11, "parameters": {"similarity_min": [0.10899159977090919], "ses_noise": [3], "psr_param": [0.29416589762007994], "recover_param": [0.03816670762603081], "prestige_beta": [0.042652862334117886], "prestige_param": [0.9194404263942846], "stressor_param": [0.6641308862653977], "interactions": [2], "coping_noise": [0.07199854928328608], "repeats": [10], "population_size": [502], "chronic_threshold": [0.0001], "stress_max": [10000], "time": [500], "job_nr": [399], "vul_param": [0]}}