{"data_file": "clean", "save_folder": "pre-test\\", "status_type": "linear", "distance_measure": "euclidean", "scenario": "normal", "dutch_w": 0.664, "turkish_w": 0.075, "moroccan_w": 0.13, "ghanaian_w": 0.021, "suriname_w": 0.11, "parameters": {"similarity_min": [0.28594850827135226], "ses_noise": [1], "psr_param": [0.5131886935588987], "recover_param": [0.007066620317454151], "prestige_beta": [0.03769574626125317], "prestige_param": [0.7978372788912477], "stressor_param": [0.336465537802008], "interactions": [2], "coping_noise": [0.09269833836933941], "repeats": [10], "population_size": [502], "chronic_threshold": [0.0001], "stress_max": [10000], "time": [500], "job_nr": [338], "vul_param": [0]}}