{"data_file": "clean", "save_folder": "pre-test\\", "status_type": "linear", "distance_measure": "euclidean", "scenario": "normal", "dutch_w": 0.664, "turkish_w": 0.075, "moroccan_w": 0.13, "ghanaian_w": 0.021, "suriname_w": 0.11, "parameters": {"similarity_min": [0.9920072386274896], "ses_noise": [2], "psr_param": [0.4264820004395744], "recover_param": [0.04619960675197993], "prestige_beta": [0.02039446146213702], "prestige_param": [0.8465509936400913], "stressor_param": [0.5477980675077658], "interactions": [2], "coping_noise": [0.07657364145401419], "repeats": [10], "population_size": [502], "chronic_threshold": [0.0001], "stress_max": [10000], "time": [500], "job_nr": [274], "vul_param": [0]}}