{"data_file": "clean", "save_folder": "pre-test\\", "status_type": "linear", "distance_measure": "euclidean", "scenario": "normal", "dutch_w": 0.664, "turkish_w": 0.075, "moroccan_w": 0.13, "ghanaian_w": 0.021, "suriname_w": 0.11, "parameters": {"similarity_min": [0.8351590361322541], "ses_noise": [3], "psr_param": [0.1553737168946439], "recover_param": [0.06069911655960111], "prestige_beta": [0.008695225895931608], "prestige_param": [0.9027077935357226], "stressor_param": [0.43226108519014994], "interactions": [2], "coping_noise": [0.03706175161444961], "repeats": [10], "population_size": [502], "chronic_threshold": [0.0001], "stress_max": [10000], "time": [500], "job_nr": [459], "vul_param": [0]}}