{"data_file": "clean", "save_folder": "pre-test\\", "status_type": "linear", "distance_measure": "euclidean", "scenario": "normal", "dutch_w": 0.664, "turkish_w": 0.075, "moroccan_w": 0.13, "ghanaian_w": 0.021, "suriname_w": 0.11, "parameters": {"similarity_min": [0.3318232014205499], "ses_noise": [0.14940591663205516], "vul_param": [0.8588491333286095], "psr_param": [0.5629170068560448], "recover_param": [0.10817881118878378], "prestige_beta": [0.004739007744516055], "prestige_param": [0.052986002772763274], "stressor_param": [0.10044882366908828], "interactions": [2], "coping_noise": [0.07296256796384851], "repeats": [200], "population_size": [502], "chronic_threshold": [0.0001], "stress_max": [100], "time": [500], "job_nr": [61]}}