{"data_file": "clean", "save_folder": "pre-test\\", "status_type": "linear", "distance_measure": "euclidean", "scenario": "normal", "dutch_w": 0.664, "turkish_w": 0.075, "moroccan_w": 0.13, "ghanaian_w": 0.021, "suriname_w": 0.11, "parameters": {"similarity_min": [0.9248717396304478], "ses_noise": [0], "psr_param": [0.3003452322195074], "recover_param": [0.014680088695138722], "prestige_beta": [0.038730518430664496], "prestige_param": [0.6413649855845907], "stressor_param": [0.2365509554220192], "interactions": [1], "coping_noise": [0.020493034994824477], "repeats": [10], "population_size": [502], "chronic_threshold": [0.0001], "stress_max": [10000], "time": [500], "job_nr": [0], "vul_param": [0]}}