{"data_file": "clean", "save_folder": "pre-test\\", "status_type": "linear", "distance_measure": "euclidean", "scenario": "normal", "dutch_w": 0.664, "turkish_w": 0.075, "moroccan_w": 0.13, "ghanaian_w": 0.021, "suriname_w": 0.11, "parameters": {"similarity_min": [0.337914102727762], "ses_noise": [3], "psr_param": [0.5399898414773681], "recover_param": [0.01884709076659133], "prestige_beta": [0.010294636126260857], "prestige_param": [0.8602677673369727], "stressor_param": [0.28733150903682825], "interactions": [1], "coping_noise": [0.028366498799535067], "repeats": [10], "population_size": [502], "chronic_threshold": [0.0001], "stress_max": [10000], "time": [500], "job_nr": [226], "vul_param": [0]}}