{"data_file": "clean", "save_folder": "pre-test\\", "status_type": "linear", "distance_measure": "euclidean", "scenario": "normal", "dutch_w": 0.664, "turkish_w": 0.075, "moroccan_w": 0.13, "ghanaian_w": 0.021, "suriname_w": 0.11, "parameters": {"similarity_min": [0.480505267009695], "ses_noise": [1], "psr_param": [0.8620452321250084], "recover_param": [0.010371060449838772], "prestige_beta": [0.03860964826745008], "prestige_param": [0.27927471357646994], "stressor_param": [0.4515192757996639], "interactions": [2], "coping_noise": [0.09582332100347109], "repeats": [10], "population_size": [502], "chronic_threshold": [0.0001], "stress_max": [10000], "time": [500], "job_nr": [104], "vul_param": [0]}}