{"data_file": "clean", "save_folder": "pre-test\\", "status_type": "linear", "distance_measure": "euclidean", "scenario": "normal", "dutch_w": 0.664, "turkish_w": 0.075, "moroccan_w": 0.13, "ghanaian_w": 0.021, "suriname_w": 0.11, "parameters": {"similarity_min": [0.652479565605865], "ses_noise": [1], "psr_param": [0.5382689326811321], "recover_param": [0.06376184612718454], "prestige_beta": [0.038843601791981236], "prestige_param": [0.5471947236438583], "stressor_param": [0.11931258538132823], "interactions": [1], "coping_noise": [0.04371791861239344], "repeats": [10], "population_size": [502], "chronic_threshold": [0.0001], "stress_max": [10000], "time": [500], "job_nr": [380], "vul_param": [0]}}