{"data_file": "clean", "save_folder": "pre-test\\", "status_type": "linear", "distance_measure": "euclidean", "scenario": "normal", "dutch_w": 0.664, "turkish_w": 0.075, "moroccan_w": 0.13, "ghanaian_w": 0.021, "suriname_w": 0.11, "parameters": {"similarity_min": [0.5911688540908332], "ses_noise": [0], "psr_param": [0.7059684015731373], "recover_param": [0.07872077139455003], "prestige_beta": [0.014103354548016176], "prestige_param": [0.7409619773975548], "stressor_param": [0.687700176235066], "interactions": [1], "coping_noise": [0.09471225909797307], "repeats": [10], "population_size": [502], "chronic_threshold": [0.0001], "stress_max": [10000], "time": [500], "job_nr": [191], "vul_param": [0]}}