{"data_file": "clean", "save_folder": "pre-test\\", "status_type": "linear", "distance_measure": "euclidean", "scenario": "normal", "dutch_w": 0.664, "turkish_w": 0.075, "moroccan_w": 0.13, "ghanaian_w": 0.021, "suriname_w": 0.11, "parameters": {"similarity_min": [0.06876120996946739], "ses_noise": [0.9022537653886065], "vul_param": [0.4800782024367778], "psr_param": [0.38157738148945675], "recover_param": [0.14593828249374985], "prestige_beta": [0.0015185041626103537], "prestige_param": [0.514483840528653], "stressor_param": [0.49500974239459605], "interactions": [2], "coping_noise": [0.027732926029273533], "repeats": [200], "population_size": [502], "chronic_threshold": [0.0001], "stress_max": [100], "time": [500], "job_nr": [87]}}