{"data_file": "clean", "save_folder": "pre-test\\", "status_type": "linear", "distance_measure": "euclidean", "scenario": "normal", "dutch_w": 0.664, "turkish_w": 0.075, "moroccan_w": 0.13, "ghanaian_w": 0.021, "suriname_w": 0.11, "parameters": {"similarity_min": [0.525088435790586], "ses_noise": [2], "psr_param": [0.6837225626461622], "recover_param": [0.057522261252186804], "prestige_beta": [0.029128019218627132], "prestige_param": [0.7202648884362115], "stressor_param": [0.17164664119071826], "interactions": [2], "coping_noise": [0.04744140168388627], "repeats": [10], "population_size": [502], "chronic_threshold": [0.0001], "stress_max": [10000], "time": [500], "job_nr": [248], "vul_param": [0]}}