{"data_file": "clean", "save_folder": "pre-test\\", "status_type": "linear", "distance_measure": "euclidean", "scenario": "normal", "dutch_w": 0.664, "turkish_w": 0.075, "moroccan_w": 0.13, "ghanaian_w": 0.021, "suriname_w": 0.11, "parameters": {"similarity_min": [0.3538150452584704], "ses_noise": [0], "psr_param": [0.17381753659651822], "recover_param": [0.08110828340986567], "prestige_beta": [0.03499696558138571], "prestige_param": [0.40421123844199147], "stressor_param": [0.7141641155821014], "interactions": [1], "coping_noise": [0.047997015092635265], "repeats": [10], "population_size": [502], "chronic_threshold": [0.0001], "stress_max": [10000], "time": [500], "job_nr": [27], "vul_param": [0]}}