{"data_file": "clean", "save_folder": "pre-test\\", "status_type": "linear", "distance_measure": "euclidean", "scenario": "normal", "dutch_w": 0.664, "turkish_w": 0.075, "moroccan_w": 0.13, "ghanaian_w": 0.021, "suriname_w": 0.11, "parameters": {"similarity_min": [0.22582029329882647], "ses_noise": [2], "psr_param": [0.9124399197557675], "recover_param": [0.020529424581232605], "prestige_beta": [0.01357166381749431], "prestige_param": [0.10695309862148607], "stressor_param": [0.3872289246747991], "interactions": [1], "coping_noise": [0.029479225091411917], "repeats": [10], "population_size": [502], "chronic_threshold": [0.0001], "stress_max": [10000], "time": [500], "job_nr": [58], "vul_param": [0]}}