{"data_file": "clean", "save_folder": "pre-test\\", "status_type": "linear", "distance_measure": "euclidean", "scenario": "normal", "dutch_w": 0.664, "turkish_w": 0.075, "moroccan_w": 0.13, "ghanaian_w": 0.021, "suriname_w": 0.11, "parameters": {"similarity_min": [0.15408091813955826], "ses_noise": [1], "psr_param": [0.44559850168904525], "recover_param": [0.03943579016029935], "prestige_beta": [0.04544278360766496], "prestige_param": [0.29772942102758304], "stressor_param": [0.9571839235284446], "interactions": [2], "coping_noise": [0.022095368063409913], "repeats": [10], "population_size": [502], "chronic_threshold": [0.0001], "stress_max": [10000], "time": [500], "job_nr": [409], "vul_param": [0]}}