{"data_file": "clean", "save_folder": "pre-test\\", "status_type": "linear", "distance_measure": "euclidean", "scenario": "normal", "dutch_w": 0.664, "turkish_w": 0.075, "moroccan_w": 0.13, "ghanaian_w": 0.021, "suriname_w": 0.11, "parameters": {"similarity_min": [0.3003003551832429], "ses_noise": [2], "psr_param": [0.45681885066337313], "recover_param": [0.025742259947786155], "prestige_beta": [0.027369165487650667], "prestige_param": [0.3725076769798523], "stressor_param": [0.8733554864224214], "interactions": [2], "coping_noise": [0.015155233330150501], "repeats": [10], "population_size": [502], "chronic_threshold": [0.0001], "stress_max": [10000], "time": [500], "job_nr": [89], "vul_param": [0]}}