{"data_file": "clean", "save_folder": "pre-test\\", "status_type": "linear", "distance_measure": "euclidean", "scenario": "normal", "dutch_w": 0.664, "turkish_w": 0.075, "moroccan_w": 0.13, "ghanaian_w": 0.021, "suriname_w": 0.11, "parameters": {"similarity_min": [0.7463114575567075], "ses_noise": [0], "psr_param": [0.17825311331922897], "recover_param": [0.03286948923268703], "prestige_beta": [0.010585491341485505], "prestige_param": [0.7813595862627125], "stressor_param": [0.15884565566371975], "interactions": [1], "coping_noise": [0.02691553300572319], "repeats": [10], "population_size": [502], "chronic_threshold": [0.0001], "stress_max": [10000], "time": [500], "job_nr": [74], "vul_param": [0]}}