{"data_file": "clean", "save_folder": "pre-test\\", "status_type": "linear", "distance_measure": "euclidean", "scenario": "normal", "dutch_w": 0.664, "turkish_w": 0.075, "moroccan_w": 0.13, "ghanaian_w": 0.021, "suriname_w": 0.11, "parameters": {"similarity_min": [0.8602913311774945], "ses_noise": [2], "psr_param": [0.5343730303885603], "recover_param": [0.018577024042575604], "prestige_beta": [0.03406441584407011], "prestige_param": [0.3718419842031825], "stressor_param": [0.11052777193254551], "interactions": [2], "coping_noise": [0.04210366178588878], "repeats": [10], "population_size": [502], "chronic_threshold": [0.0001], "stress_max": [10000], "time": [500], "job_nr": [430], "vul_param": [0]}}