{"data_file": "clean", "save_folder": "pre-test\\", "status_type": "linear", "distance_measure": "euclidean", "scenario": "normal", "dutch_w": 0.664, "turkish_w": 0.075, "moroccan_w": 0.13, "ghanaian_w": 0.021, "suriname_w": 0.11, "parameters": {"similarity_min": [0.5048315440961716], "ses_noise": [3], "psr_param": [0.6053547679337246], "recover_param": [0.021258745225556017], "prestige_beta": [0.014423068522501345], "prestige_param": [0.7406993480968695], "stressor_param": [0.6249267966932179], "interactions": [2], "coping_noise": [0.023174601370944986], "repeats": [10], "population_size": [502], "chronic_threshold": [0.0001], "stress_max": [10000], "time": [500], "job_nr": [296], "vul_param": [0]}}