{"data_file": "clean", "save_folder": "pre-test\\", "status_type": "linear", "distance_measure": "euclidean", "scenario": "normal", "dutch_w": 0.664, "turkish_w": 0.075, "moroccan_w": 0.13, "ghanaian_w": 0.021, "suriname_w": 0.11, "parameters": {"similarity_min": [0.25226959310261043], "ses_noise": [1.2483165729427181], "vul_param": [0.24898126510383417], "psr_param": [0.3617339460828294], "recover_param": [0.10285833097559273], "prestige_beta": [0.0039037668945558564], "prestige_param": [0.557242462800207], "stressor_param": [0.14124845052427892], "interactions": [1], "coping_noise": [0.025181399040032262], "repeats": [200], "population_size": [502], "chronic_threshold": [0.0001], "stress_max": [100], "time": [500], "job_nr": [58]}}