{"data_file": "clean", "save_folder": "pre-test\\", "status_type": "linear", "distance_measure": "euclidean", "scenario": "normal", "dutch_w": 0.664, "turkish_w": 0.075, "moroccan_w": 0.13, "ghanaian_w": 0.021, "suriname_w": 0.11, "parameters": {"similarity_min": [0.2575985135658695], "ses_noise": [1], "psr_param": [0.5958015661003716], "recover_param": [0.0057117595064577155], "prestige_beta": [0.03394814880856323], "prestige_param": [0.996888014549232], "stressor_param": [0.7194071734435818], "interactions": [2], "coping_noise": [0.030416780306387177], "repeats": [10], "population_size": [502], "chronic_threshold": [0.0001], "stress_max": [10000], "time": [500], "job_nr": [428], "vul_param": [0]}}