{"data_file": "clean", "save_folder": "pre-test\\", "status_type": "linear", "distance_measure": "euclidean", "scenario": "normal", "dutch_w": 0.664, "turkish_w": 0.075, "moroccan_w": 0.13, "ghanaian_w": 0.021, "suriname_w": 0.11, "parameters": {"similarity_min": [0.3347348604813526], "ses_noise": [1], "psr_param": [0.12279242101780186], "recover_param": [0.04511713058975554], "prestige_beta": [0.012479269090137654], "prestige_param": [0.9726892182293757], "stressor_param": [0.28762718915863705], "interactions": [2], "coping_noise": [0.08327127186740586], "repeats": [10], "population_size": [502], "chronic_threshold": [0.0001], "stress_max": [10000], "time": [500], "job_nr": [235], "vul_param": [0]}}