{"data_file": "clean", "save_folder": "pre-test\\", "status_type": "linear", "distance_measure": "euclidean", "scenario": "normal", "dutch_w": 0.664, "turkish_w": 0.075, "moroccan_w": 0.13, "ghanaian_w": 0.021, "suriname_w": 0.11, "parameters": {"similarity_min": [0.39952403060547526], "ses_noise": [2], "psr_param": [0.2729104728776919], "recover_param": [0.09069673825312104], "prestige_beta": [0.016647894511162577], "prestige_param": [0.29853320364701225], "stressor_param": [0.9431254630827787], "interactions": [2], "coping_noise": [0.017190174126554107], "repeats": [10], "population_size": [502], "chronic_threshold": [0.0001], "stress_max": [10000], "time": [500], "job_nr": [470], "vul_param": [0]}}