{"data_file": "clean", "save_folder": "pre-test\\", "status_type": "linear", "distance_measure": "euclidean", "scenario": "normal", "dutch_w": 0.664, "turkish_w": 0.075, "moroccan_w": 0.13, "ghanaian_w": 0.021, "suriname_w": 0.11, "parameters": {"similarity_min": [0.539901282088361], "ses_noise": [3], "psr_param": [0.34483002386860284], "recover_param": [0.0741666561411507], "prestige_beta": [0.049208164032028635], "prestige_param": [0.6855108145915867], "stressor_param": [0.8680416620529409], "interactions": [2], "coping_noise": [0.038904744935676396], "repeats": [10], "population_size": [502], "chronic_threshold": [0.0001], "stress_max": [10000], "time": [500], "job_nr": [155], "vul_param": [0]}}