{"data_file": "clean", "save_folder": "pre-test\\", "status_type": "linear", "distance_measure": "euclidean", "scenario": "normal", "dutch_w": 0.664, "turkish_w": 0.075, "moroccan_w": 0.13, "ghanaian_w": 0.021, "suriname_w": 0.11, "parameters": {"similarity_min": [0.8050955583480472], "ses_noise": [1], "psr_param": [0.5889568720446627], "recover_param": [0.03979396922847458], "prestige_beta": [0.014554469377401388], "prestige_param": [0.5705876491017882], "stressor_param": [0.8535591337167563], "interactions": [1], "coping_noise": [0.02103390492647915], "repeats": [10], "population_size": [502], "chronic_threshold": [0.0001], "stress_max": [10000], "time": [500], "job_nr": [318], "vul_param": [0]}}