{"data_file": "clean", "save_folder": "pre-test\\", "status_type": "linear", "distance_measure": "euclidean", "scenario": "normal", "dutch_w": 0.664, "turkish_w": 0.075, "moroccan_w": 0.13, "ghanaian_w": 0.021, "suriname_w": 0.11, "parameters": {"similarity_min": [0.7754675432467915], "ses_noise": [1], "psr_param": [0.32602214073264246], "recover_param": [0.028831405730652016], "prestige_beta": [0.02419527505763437], "prestige_param": [0.10118030604608852], "stressor_param": [0.7870608724379791], "interactions": [2], "coping_noise": [0.04365874872951133], "repeats": [10], "population_size": [502], "chronic_threshold": [0.0001], "stress_max": [10000], "time": [500], "job_nr": [250], "vul_param": [0]}}