{"data_file": "clean", "save_folder": "pre-test\\", "status_type": "linear", "distance_measure": "euclidean", "scenario": "normal", "dutch_w": 0.664, "turkish_w": 0.075, "moroccan_w": 0.13, "ghanaian_w": 0.021, "suriname_w": 0.11, "parameters": {"similarity_min": [0.2594521002039199], "ses_noise": [3], "psr_param": [0.5874075484290734], "recover_param": [0.021287511338470833], "prestige_beta": [0.015423689288578749], "prestige_param": [0.8897853824801729], "stressor_param": [0.8881567298416653], "interactions": [2], "coping_noise": [0.040255473772273315], "repeats": [10], "population_size": [502], "chronic_threshold": [0.0001], "stress_max": [10000], "time": [500], "job_nr": [52], "vul_param": [0]}}