{"data_file": "clean", "save_folder": "pre-test\\", "status_type": "linear", "distance_measure": "euclidean", "scenario": "normal", "dutch_w": 0.664, "turkish_w": 0.075, "moroccan_w": 0.13, "ghanaian_w": 0.021, "suriname_w": 0.11, "parameters": {"similarity_min": [0.25607639855571096], "ses_noise": [0], "psr_param": [0.7239813297333958], "recover_param": [0.001116118801777687], "prestige_beta": [0.02865318477072186], "prestige_param": [0.6283822353694605], "stressor_param": [0.8773341620076494], "interactions": [1], "coping_noise": [0.04808069824561197], "repeats": [10], "population_size": [502], "chronic_threshold": [0.0001], "stress_max": [10000], "time": [500], "job_nr": [468], "vul_param": [0]}}