{"data_file": "clean", "save_folder": "pre-test\\", "status_type": "linear", "distance_measure": "euclidean", "scenario": "normal", "dutch_w": 0.664, "turkish_w": 0.075, "moroccan_w": 0.13, "ghanaian_w": 0.021, "suriname_w": 0.11, "parameters": {"similarity_min": [0.7279127434002599], "ses_noise": [2], "psr_param": [0.9510130470144695], "recover_param": [0.05330456078404456], "prestige_beta": [0.047987797179143636], "prestige_param": [0.6479007290661754], "stressor_param": [0.6482364588660285], "interactions": [2], "coping_noise": [0.03211385913617736], "repeats": [10], "population_size": [502], "chronic_threshold": [0.0001], "stress_max": [10000], "time": [500], "job_nr": [85], "vul_param": [0]}}