{"data_file": "clean", "save_folder": "pre-test\\", "status_type": "linear", "distance_measure": "euclidean", "scenario": "normal", "dutch_w": 0.664, "turkish_w": 0.075, "moroccan_w": 0.13, "ghanaian_w": 0.021, "suriname_w": 0.11, "parameters": {"similarity_min": [0.9734266182813526], "ses_noise": [0], "psr_param": [0.5555522302003353], "recover_param": [0.07609381150731648], "prestige_beta": [0.031597467288015116], "prestige_param": [0.30757162274670957], "stressor_param": [0.7443560680762404], "interactions": [1], "coping_noise": [0.056769084628312025], "repeats": [10], "population_size": [502], "chronic_threshold": [0.0001], "stress_max": [10000], "time": [500], "job_nr": [33], "vul_param": [0]}}