{"data_file": "clean", "save_folder": "pre-test\\", "status_type": "linear", "distance_measure": "euclidean", "scenario": "normal", "dutch_w": 0.664, "turkish_w": 0.075, "moroccan_w": 0.13, "ghanaian_w": 0.021, "suriname_w": 0.11, "parameters": {"similarity_min": [0.32108425579243993], "ses_noise": [2.759089429530178], "vul_param": [0.47447239822324083], "psr_param": [0.7155937868241622], "recover_param": [0.15385752077618345], "prestige_beta": [0.0035567972958700086], "prestige_param": [0.6314721807508257], "stressor_param": [0.24139689959023666], "interactions": [1], "coping_noise": [0.025311045939109784], "repeats": [200], "population_size": [502], "chronic_threshold": [0.0001], "stress_max": [100], "time": [500], "job_nr": [65]}}