{"data_file": "clean", "save_folder": "pre-test\\", "status_type": "linear", "distance_measure": "euclidean", "scenario": "normal", "dutch_w": 0.664, "turkish_w": 0.075, "moroccan_w": 0.13, "ghanaian_w": 0.021, "suriname_w": 0.11, "parameters": {"similarity_min": [0.6457472816626688], "ses_noise": [2], "psr_param": [0.7324628048094444], "recover_param": [0.042673933207507106], "prestige_beta": [0.04329023063242559], "prestige_param": [0.6027632670220763], "stressor_param": [0.7637655458177885], "interactions": [2], "coping_noise": [0.09080692854726091], "repeats": [10], "population_size": [502], "chronic_threshold": [0.0001], "stress_max": [10000], "time": [500], "job_nr": [309], "vul_param": [0]}}