{"data_file": "clean", "save_folder": "pre-test\\", "status_type": "linear", "distance_measure": "euclidean", "scenario": "normal", "dutch_w": 0.664, "turkish_w": 0.075, "moroccan_w": 0.13, "ghanaian_w": 0.021, "suriname_w": 0.11, "parameters": {"similarity_min": [0.8786664605081234], "ses_noise": [0], "psr_param": [0.46736905789060523], "recover_param": [0.09044729351991787], "prestige_beta": [0.047178572094548586], "prestige_param": [0.29742293909799006], "stressor_param": [0.7140027181917596], "interactions": [1], "coping_noise": [0.04999386285361266], "repeats": [10], "population_size": [502], "chronic_threshold": [0.0001], "stress_max": [10000], "time": [500], "job_nr": [96], "vul_param": [0]}}