{"data_file": "clean", "save_folder": "pre-test\\", "status_type": "linear", "distance_measure": "euclidean", "scenario": "normal", "dutch_w": 0.664, "turkish_w": 0.075, "moroccan_w": 0.13, "ghanaian_w": 0.021, "suriname_w": 0.11, "parameters": {"similarity_min": [0.3355372117322316], "ses_noise": [3], "psr_param": [0.7854892228526451], "recover_param": [0.07396849069816107], "prestige_beta": [0.04973672289764729], "prestige_param": [0.12388504134604979], "stressor_param": [0.300587513502435], "interactions": [2], "coping_noise": [0.06937121466397382], "repeats": [10], "population_size": [502], "chronic_threshold": [0.0001], "stress_max": [10000], "time": [500], "job_nr": [340], "vul_param": [0]}}