{"data_file": "clean", "save_folder": "pre-test\\", "status_type": "linear", "distance_measure": "euclidean", "scenario": "normal", "dutch_w": 0.664, "turkish_w": 0.075, "moroccan_w": 0.13, "ghanaian_w": 0.021, "suriname_w": 0.11, "parameters": {"similarity_min": [0.9128857763934755], "ses_noise": [0], "psr_param": [0.8298224388809223], "recover_param": [0.05540156737691028], "prestige_beta": [0.035039110092188415], "prestige_param": [0.11053293022212508], "stressor_param": [0.3049832297373544], "interactions": [1], "coping_noise": [0.09236012273074223], "repeats": [10], "population_size": [502], "chronic_threshold": [0.0001], "stress_max": [10000], "time": [500], "job_nr": [361], "vul_param": [0]}}