{"data_file": "clean", "save_folder": "pre-test\\", "status_type": "linear", "distance_measure": "euclidean", "scenario": "normal", "dutch_w": 0.664, "turkish_w": 0.075, "moroccan_w": 0.13, "ghanaian_w": 0.021, "suriname_w": 0.11, "parameters": {"similarity_min": [0.1668943206222498], "ses_noise": [0.04248071388443808], "vul_param": [0.19485286872671176], "psr_param": [0.6105141131263618], "recover_param": [0.14282409457519973], "prestige_beta": [0.003730848469046384], "prestige_param": [0.09677529942025039], "stressor_param": [0.26788080124666436], "interactions": [1], "coping_noise": [0.03786073934726032], "repeats": [200], "population_size": [502], "chronic_threshold": [0.0001], "stress_max": [100], "time": [500], "job_nr": [50]}}