{"data_file": "clean", "save_folder": "pre-test\\", "status_type": "linear", "distance_measure": "euclidean", "scenario": "normal", "dutch_w": 0.664, "turkish_w": 0.075, "moroccan_w": 0.13, "ghanaian_w": 0.021, "suriname_w": 0.11, "parameters": {"similarity_min": [0.6853892485784695], "ses_noise": [3], "psr_param": [0.8590971976920946], "recover_param": [0.004822664406803271], "prestige_beta": [0.03376473771999357], "prestige_param": [0.6688857457297411], "stressor_param": [0.1342310464272552], "interactions": [2], "coping_noise": [0.016878815327841398], "repeats": [10], "population_size": [502], "chronic_threshold": [0.0001], "stress_max": [10000], "time": [500], "job_nr": [300], "vul_param": [0]}}