{"data_file": "clean", "save_folder": "pre-test\\", "status_type": "linear", "distance_measure": "euclidean", "scenario": "normal", "dutch_w": 0.664, "turkish_w": 0.075, "moroccan_w": 0.13, "ghanaian_w": 0.021, "suriname_w": 0.11, "parameters": {"similarity_min": [0.6795958117018605], "ses_noise": [3], "psr_param": [0.827743743387107], "recover_param": [0.04851454199014443], "prestige_beta": [0.04436081428810339], "prestige_param": [0.48494335354745866], "stressor_param": [0.2910160909429292], "interactions": [1], "coping_noise": [0.03338409265075678], "repeats": [10], "population_size": [502], "chronic_threshold": [0.0001], "stress_max": [10000], "time": [500], "job_nr": [341], "vul_param": [0]}}