{"data_file": "clean", "save_folder": "pre-test\\", "status_type": "linear", "distance_measure": "euclidean", "scenario": "normal", "dutch_w": 0.664, "turkish_w": 0.075, "moroccan_w": 0.13, "ghanaian_w": 0.021, "suriname_w": 0.11, "parameters": {"similarity_min": [0.10367453577450715], "ses_noise": [3], "psr_param": [0.35197157537402113], "recover_param": [0.04506319688919403], "prestige_beta": [0.03176181807490969], "prestige_param": [0.7068003664488514], "stressor_param": [0.1381338915380475], "interactions": [2], "coping_noise": [0.0693088029091668], "repeats": [10], "population_size": [502], "chronic_threshold": [0.0001], "stress_max": [10000], "time": [500], "job_nr": [117], "vul_param": [0]}}