{"data_file": "clean", "save_folder": "pre-test\\", "status_type": "linear", "distance_measure": "euclidean", "scenario": "normal", "dutch_w": 0.664, "turkish_w": 0.075, "moroccan_w": 0.13, "ghanaian_w": 0.021, "suriname_w": 0.11, "parameters": {"similarity_min": [0.4923949461456537], "ses_noise": [3], "psr_param": [0.23473948795432967], "recover_param": [0.028445935481336004], "prestige_beta": [0.03461795043902254], "prestige_param": [0.6360320964338458], "stressor_param": [0.8949475129412132], "interactions": [1], "coping_noise": [0.013083599964753343], "repeats": [10], "population_size": [502], "chronic_threshold": [0.0001], "stress_max": [10000], "time": [500], "job_nr": [177], "vul_param": [0]}}