{"data_file": "clean", "save_folder": "pre-test\\", "status_type": "linear", "distance_measure": "euclidean", "scenario": "normal", "dutch_w": 0.664, "turkish_w": 0.075, "moroccan_w": 0.13, "ghanaian_w": 0.021, "suriname_w": 0.11, "parameters": {"similarity_min": [0.27570735527473056], "ses_noise": [2], "psr_param": [0.5757187619209096], "recover_param": [0.07586922986085831], "prestige_beta": [0.010211156313723546], "prestige_param": [0.7443346520812677], "stressor_param": [0.6055308947475925], "interactions": [1], "coping_noise": [0.09250770099652561], "repeats": [10], "population_size": [502], "chronic_threshold": [0.0001], "stress_max": [10000], "time": [500], "job_nr": [13], "vul_param": [0]}}