{"data_file": "clean", "save_folder": "pre-test\\", "status_type": "linear", "distance_measure": "euclidean", "scenario": "normal", "dutch_w": 0.664, "turkish_w": 0.075, "moroccan_w": 0.13, "ghanaian_w": 0.021, "suriname_w": 0.11, "parameters": {"similarity_min": [0.9842157966215046], "ses_noise": [2], "psr_param": [0.20126361470827542], "recover_param": [0.02313312705302543], "prestige_beta": [0.0057565580283262694], "prestige_param": [0.8037370700705359], "stressor_param": [0.30316797412296803], "interactions": [1], "coping_noise": [0.04530196504232046], "repeats": [10], "population_size": [502], "chronic_threshold": [0.0001], "stress_max": [10000], "time": [500], "job_nr": [180], "vul_param": [0]}}