{"data_file": "clean", "save_folder": "pre-test\\", "status_type": "linear", "distance_measure": "euclidean", "scenario": "normal", "dutch_w": 0.664, "turkish_w": 0.075, "moroccan_w": 0.13, "ghanaian_w": 0.021, "suriname_w": 0.11, "parameters": {"similarity_min": [0.7727106330226885], "ses_noise": [2], "psr_param": [0.5488888768731631], "recover_param": [0.009729071845816891], "prestige_beta": [0.016197618256937683], "prestige_param": [0.5474352092929904], "stressor_param": [0.7609189641743558], "interactions": [1], "coping_noise": [0.04352709518489698], "repeats": [10], "population_size": [502], "chronic_threshold": [0.0001], "stress_max": [10000], "time": [500], "job_nr": [132], "vul_param": [0]}}