{"data_file": "clean", "save_folder": "pre-test\\", "status_type": "linear", "distance_measure": "euclidean", "scenario": "normal", "dutch_w": 0.664, "turkish_w": 0.075, "moroccan_w": 0.13, "ghanaian_w": 0.021, "suriname_w": 0.11, "parameters": {"similarity_min": [0.6719358971096902], "ses_noise": [0], "psr_param": [0.11621862062843219], "recover_param": [0.0030445720199224475], "prestige_beta": [0.014372621387993393], "prestige_param": [0.7673828214581786], "stressor_param": [0.7401568434361441], "interactions": [2], "coping_noise": [0.0691226240976336], "repeats": [10], "population_size": [502], "chronic_threshold": [0.0001], "stress_max": [10000], "time": [500], "job_nr": [3], "vul_param": [0]}}