{"data_file": "clean", "save_folder": "pre-test\\", "status_type": "linear", "distance_measure": "euclidean", "scenario": "normal", "dutch_w": 0.664, "turkish_w": 0.075, "moroccan_w": 0.13, "ghanaian_w": 0.021, "suriname_w": 0.11, "parameters": {"similarity_min": [0.8921032143407842], "ses_noise": [1], "psr_param": [0.9279475611058124], "recover_param": [0.08194759507471026], "prestige_beta": [0.036312244527509675], "prestige_param": [0.48049603886380654], "stressor_param": [0.4255489388847151], "interactions": [2], "coping_noise": [0.018756639017621625], "repeats": [10], "population_size": [502], "chronic_threshold": [0.0001], "stress_max": [10000], "time": [500], "job_nr": [464], "vul_param": [0]}}