{"data_file": "clean", "save_folder": "pre-test\\", "status_type": "linear", "distance_measure": "euclidean", "scenario": "normal", "dutch_w": 0.664, "turkish_w": 0.075, "moroccan_w": 0.13, "ghanaian_w": 0.021, "suriname_w": 0.11, "parameters": {"similarity_min": [0.40063521490828635], "ses_noise": [0], "psr_param": [0.15674928798422574], "recover_param": [0.01810759539664941], "prestige_beta": [0.034495983580772126], "prestige_param": [0.4211782181817513], "stressor_param": [0.8648532841153189], "interactions": [1], "coping_noise": [0.09603799225812656], "repeats": [10], "population_size": [502], "chronic_threshold": [0.0001], "stress_max": [10000], "time": [500], "job_nr": [271], "vul_param": [0]}}