{"data_file": "clean", "save_folder": "pre-test\\", "status_type": "linear", "distance_measure": "euclidean", "scenario": "normal", "dutch_w": 0.664, "turkish_w": 0.075, "moroccan_w": 0.13, "ghanaian_w": 0.021, "suriname_w": 0.11, "parameters": {"similarity_min": [0.984074835458082], "ses_noise": [0], "psr_param": [0.3964180618893063], "recover_param": [0.026920851864361144], "prestige_beta": [0.02958397024477272], "prestige_param": [0.11984156638171092], "stressor_param": [0.3752770284106708], "interactions": [2], "coping_noise": [0.05232037421213863], "repeats": [10], "population_size": [502], "chronic_threshold": [0.0001], "stress_max": [10000], "time": [500], "job_nr": [303], "vul_param": [0]}}