{"data_file": "clean", "save_folder": "pre-test\\", "status_type": "linear", "distance_measure": "euclidean", "scenario": "normal", "dutch_w": 0.664, "turkish_w": 0.075, "moroccan_w": 0.13, "ghanaian_w": 0.021, "suriname_w": 0.11, "parameters": {"similarity_min": [0.1721532253008926], "ses_noise": [2], "psr_param": [0.987210806935861], "recover_param": [0.07713279030145793], "prestige_beta": [0.014052222457918907], "prestige_param": [0.2053719499715376], "stressor_param": [0.4966191755460697], "interactions": [2], "coping_noise": [0.059316449193578626], "repeats": [10], "population_size": [502], "chronic_threshold": [0.0001], "stress_max": [10000], "time": [500], "job_nr": [126], "vul_param": [0]}}