{"data_file": "clean", "save_folder": "pre-test\\", "status_type": "linear", "distance_measure": "euclidean", "scenario": "normal", "dutch_w": 0.664, "turkish_w": 0.075, "moroccan_w": 0.13, "ghanaian_w": 0.021, "suriname_w": 0.11, "parameters": {"similarity_min": [0.8163971358982348], "ses_noise": [0], "psr_param": [0.32908553073133107], "recover_param": [0.09181164914964075], "prestige_beta": [0.04843048736465905], "prestige_param": [0.9465876076342907], "stressor_param": [0.6166739442297385], "interactions": [1], "coping_noise": [0.07850189256852955], "repeats": [10], "population_size": [502], "chronic_threshold": [0.0001], "stress_max": [10000], "time": [500], "job_nr": [335], "vul_param": [0]}}