{"data_file": "clean", "save_folder": "pre-test\\", "status_type": "linear", "distance_measure": "euclidean", "scenario": "normal", "dutch_w": 0.664, "turkish_w": 0.075, "moroccan_w": 0.13, "ghanaian_w": 0.021, "suriname_w": 0.11, "parameters": {"similarity_min": [0.7387693728726937], "ses_noise": [3], "psr_param": [0.5414727868865683], "recover_param": [0.035793670601701764], "prestige_beta": [0.01039422975207615], "prestige_param": [0.21659994222890266], "stressor_param": [0.9790472257081804], "interactions": [1], "coping_noise": [0.09607406516210017], "repeats": [10], "population_size": [502], "chronic_threshold": [0.0001], "stress_max": [10000], "time": [500], "job_nr": [121], "vul_param": [0]}}