{"data_file": "clean", "save_folder": "pre-test\\", "status_type": "linear", "distance_measure": "euclidean", "scenario": "normal", "dutch_w": 0.664, "turkish_w": 0.075, "moroccan_w": 0.13, "ghanaian_w": 0.021, "suriname_w": 0.11, "parameters": {"similarity_min": [0.38893399749152885], "ses_noise": [2.8390277313417656], "vul_param": [0.37498933696978], "psr_param": [0.8771592619691722], "recover_param": [0.14620885681925172], "prestige_beta": [0.002147673555402387], "prestige_param": [0.8903593074820687], "stressor_param": [0.20747900290062204], "interactions": [2], "coping_noise": [0.037725795798280296], "repeats": [200], "population_size": [502], "chronic_threshold": [0.0001], "stress_max": [100], "time": [500], "job_nr": [10]}}