{"data_file": "clean", "save_folder": "pre-test\\", "status_type": "linear", "distance_measure": "euclidean", "scenario": "normal", "dutch_w": 0.664, "turkish_w": 0.075, "moroccan_w": 0.13, "ghanaian_w": 0.021, "suriname_w": 0.11, "parameters": {"similarity_min": [0.9194724247448751], "ses_noise": [2], "psr_param": [0.18382249879709872], "recover_param": [0.062137121188128405], "prestige_beta": [0.018552127424413655], "prestige_param": [0.7325718134044134], "stressor_param": [0.28962176679209467], "interactions": [2], "coping_noise": [0.08985249506551135], "repeats": [10], "population_size": [502], "chronic_threshold": [0.0001], "stress_max": [10000], "time": [500], "job_nr": [214], "vul_param": [0]}}