{"data_file": "clean", "save_folder": "pre-test\\", "status_type": "linear", "distance_measure": "euclidean", "scenario": "normal", "dutch_w": 0.664, "turkish_w": 0.075, "moroccan_w": 0.13, "ghanaian_w": 0.021, "suriname_w": 0.11, "parameters": {"similarity_min": [0.3178736061664896], "ses_noise": [2], "psr_param": [0.196189530212449], "recover_param": [0.017274358359158144], "prestige_beta": [0.005549234838588076], "prestige_param": [0.36568692232067146], "stressor_param": [0.1468015807615721], "interactions": [1], "coping_noise": [0.02899827414352798], "repeats": [10], "population_size": [502], "chronic_threshold": [0.0001], "stress_max": [10000], "time": [500], "job_nr": [47], "vul_param": [0]}}