{"data_file": "clean", "save_folder": "pre-test\\", "status_type": "linear", "distance_measure": "euclidean", "scenario": "normal", "dutch_w": 0.664, "turkish_w": 0.075, "moroccan_w": 0.13, "ghanaian_w": 0.021, "suriname_w": 0.11, "parameters": {"similarity_min": [0.12491490194041831], "ses_noise": [2], "psr_param": [0.43203188759085587], "recover_param": [0.01933847851382055], "prestige_beta": [0.02653288352949268], "prestige_param": [0.775243863616573], "stressor_param": [0.48859794368406595], "interactions": [2], "coping_noise": [0.06610212421537036], "repeats": [10], "population_size": [502], "chronic_threshold": [0.0001], "stress_max": [10000], "time": [500], "job_nr": [95], "vul_param": [0]}}