{"data_file": "clean", "save_folder": "pre-test\\", "status_type": "linear", "distance_measure": "euclidean", "scenario": "normal", "dutch_w": 0.664, "turkish_w": 0.075, "moroccan_w": 0.13, "ghanaian_w": 0.021, "suriname_w": 0.11, "parameters": {"similarity_min": [0.4376317874390133], "ses_noise": [2], "psr_param": [0.7227427867148459], "recover_param": [0.09908161310299332], "prestige_beta": [0.015076192439278907], "prestige_param": [0.8105212043891854], "stressor_param": [0.7046119700810247], "interactions": [1], "coping_noise": [0.039089106106157005], "repeats": [10], "population_size": [502], "chronic_threshold": [0.0001], "stress_max": [10000], "time": [500], "job_nr": [30], "vul_param": [0]}}