{"data_file": "clean", "save_folder": "pre-test\\", "status_type": "linear", "distance_measure": "euclidean", "scenario": "normal", "dutch_w": 0.664, "turkish_w": 0.075, "moroccan_w": 0.13, "ghanaian_w": 0.021, "suriname_w": 0.11, "parameters": {"similarity_min": [0.30772407027953885], "ses_noise": [1], "psr_param": [0.45835541708157335], "recover_param": [0.0588431392958904], "prestige_beta": [0.031772366174158094], "prestige_param": [0.772004737589885], "stressor_param": [0.6902290803273291], "interactions": [1], "coping_noise": [0.09441921812227626], "repeats": [10], "population_size": [502], "chronic_threshold": [0.0001], "stress_max": [10000], "time": [500], "job_nr": [215], "vul_param": [0]}}