{"data_file": "clean", "save_folder": "pre-test\\", "status_type": "linear", "distance_measure": "euclidean", "scenario": "normal", "dutch_w": 0.664, "turkish_w": 0.075, "moroccan_w": 0.13, "ghanaian_w": 0.021, "suriname_w": 0.11, "parameters": {"similarity_min": [0.2964340792325433], "ses_noise": [0], "psr_param": [0.3117346187586895], "recover_param": [0.04612238785840405], "prestige_beta": [0.0318467661991143], "prestige_param": [0.3888432146307945], "stressor_param": [0.8630954949025501], "interactions": [2], "coping_noise": [0.014468959824978212], "repeats": [10], "population_size": [502], "chronic_threshold": [0.0001], "stress_max": [10000], "time": [500], "job_nr": [426], "vul_param": [0]}}