{"data_file": "clean", "save_folder": "pre-test\\", "status_type": "linear", "distance_measure": "euclidean", "scenario": "normal", "dutch_w": 0.664, "turkish_w": 0.075, "moroccan_w": 0.13, "ghanaian_w": 0.021, "suriname_w": 0.11, "parameters": {"similarity_min": [0.3293369504248995], "ses_noise": [2.5400186352175784], "vul_param": [0.5030582682523693], "psr_param": [0.7839004418445756], "recover_param": [0.12311374528450866], "prestige_beta": [0.0010251311613871526], "prestige_param": [0.1474057886931046], "stressor_param": [0.614813576115542], "interactions": [2], "coping_noise": [0.09724050788753293], "repeats": [200], "population_size": [502], "chronic_threshold": [0.0001], "stress_max": [100], "time": [500], "job_nr": [57]}}