{"data_file": "clean", "save_folder": "pre-test\\", "status_type": "linear", "distance_measure": "euclidean", "scenario": "normal", "dutch_w": 0.664, "turkish_w": 0.075, "moroccan_w": 0.13, "ghanaian_w": 0.021, "suriname_w": 0.11, "parameters": {"similarity_min": [0.32036369950082755], "ses_noise": [3], "psr_param": [0.7566526621810764], "recover_param": [0.08759672394855005], "prestige_beta": [0.03764722939267294], "prestige_param": [0.4545061273186527], "stressor_param": [0.1077909652047588], "interactions": [2], "coping_noise": [0.09376580868187191], "repeats": [10], "population_size": [502], "chronic_threshold": [0.0001], "stress_max": [10000], "time": [500], "job_nr": [220], "vul_param": [0]}}