{"data_file": "clean", "save_folder": "pre-test\\", "status_type": "linear", "distance_measure": "euclidean", "scenario": "normal", "dutch_w": 0.664, "turkish_w": 0.075, "moroccan_w": 0.13, "ghanaian_w": 0.021, "suriname_w": 0.11, "parameters": {"similarity_min": [0.5526120945832923], "ses_noise": [3], "psr_param": [0.17076029120208358], "recover_param": [0.051241265589764703], "prestige_beta": [0.01166699846564519], "prestige_param": [0.3850581756959568], "stressor_param": [0.39789452997264674], "interactions": [2], "coping_noise": [0.028772356126654706], "repeats": [10], "population_size": [502], "chronic_threshold": [0.0001], "stress_max": [10000], "time": [500], "job_nr": [63], "vul_param": [0]}}