{"data_file": "clean", "save_folder": "pre-test\\", "status_type": "linear", "distance_measure": "euclidean", "scenario": "normal", "dutch_w": 0.664, "turkish_w": 0.075, "moroccan_w": 0.13, "ghanaian_w": 0.021, "suriname_w": 0.11, "parameters": {"similarity_min": [0.38480808987203374], "ses_noise": [1], "psr_param": [0.16314328861972383], "recover_param": [0.017493473380993694], "prestige_beta": [0.009661237469722367], "prestige_param": [0.3472706450758776], "stressor_param": [0.3056791992793003], "interactions": [2], "coping_noise": [0.03253020849279009], "repeats": [10], "population_size": [502], "chronic_threshold": [0.0001], "stress_max": [10000], "time": [500], "job_nr": [94], "vul_param": [0]}}