{"data_file": "clean", "save_folder": "pre-test\\", "status_type": "linear", "distance_measure": "euclidean", "scenario": "normal", "dutch_w": 0.664, "turkish_w": 0.075, "moroccan_w": 0.13, "ghanaian_w": 0.021, "suriname_w": 0.11, "parameters": {"similarity_min": [0.5334220241943803], "ses_noise": [1], "psr_param": [0.28456980658619113], "recover_param": [0.08896866062619925], "prestige_beta": [0.0361591772515015], "prestige_param": [0.5760032961906353], "stressor_param": [0.2361313087948913], "interactions": [1], "coping_noise": [0.07462143563128189], "repeats": [10], "population_size": [502], "chronic_threshold": [0.0001], "stress_max": [10000], "time": [500], "job_nr": [437], "vul_param": [0]}}