{"data_file": "clean", "save_folder": "pre-test\\", "status_type": "linear", "distance_measure": "euclidean", "scenario": "normal", "dutch_w": 0.664, "turkish_w": 0.075, "moroccan_w": 0.13, "ghanaian_w": 0.021, "suriname_w": 0.11, "parameters": {"similarity_min": [0.40261686064820273], "ses_noise": [0.9125625937158766], "vul_param": [0.6966384555939893], "psr_param": [0.5289942202458985], "recover_param": [0.10222053604647761], "prestige_beta": [0.004906105562345791], "prestige_param": [0.8248213419284628], "stressor_param": [0.13516758648037094], "interactions": [2], "coping_noise": [0.018109228546034743], "repeats": [200], "population_size": [502], "chronic_threshold": [0.0001], "stress_max": [100], "time": [500], "job_nr": [5]}}