{"data_file": "clean", "save_folder": "pre-test\\", "status_type": "linear", "distance_measure": "euclidean", "scenario": "normal", "dutch_w": 0.664, "turkish_w": 0.075, "moroccan_w": 0.13, "ghanaian_w": 0.021, "suriname_w": 0.11, "parameters": {"similarity_min": [0.5393208819098468], "ses_noise": [2], "psr_param": [0.65809163314765], "recover_param": [0.014911362386158044], "prestige_beta": [0.01071434270338498], "prestige_param": [0.7586983049656085], "stressor_param": [0.2938575710343938], "interactions": [1], "coping_noise": [0.014465339885785751], "repeats": [10], "population_size": [502], "chronic_threshold": [0.0001], "stress_max": [10000], "time": [500], "job_nr": [170], "vul_param": [0]}}