{"data_file": "clean", "save_folder": "pre-test\\", "status_type": "linear", "distance_measure": "euclidean", "scenario": "normal", "dutch_w": 0.664, "turkish_w": 0.075, "moroccan_w": 0.13, "ghanaian_w": 0.021, "suriname_w": 0.11, "parameters": {"similarity_min": [0.1864477901656656], "ses_noise": [0], "psr_param": [0.5473702027272063], "recover_param": [0.008181046294381898], "prestige_beta": [0.017311624472005755], "prestige_param": [0.397626901375833], "stressor_param": [0.17473484914186582], "interactions": [2], "coping_noise": [0.08782216781837072], "repeats": [10], "population_size": [502], "chronic_threshold": [0.0001], "stress_max": [10000], "time": [500], "job_nr": [97], "vul_param": [0]}}