{"data_file": "clean", "save_folder": "pre-test\\", "status_type": "linear", "distance_measure": "euclidean", "scenario": "normal", "dutch_w": 0.664, "turkish_w": 0.075, "moroccan_w": 0.13, "ghanaian_w": 0.021, "suriname_w": 0.11, "parameters": {"similarity_min": [0.34367424387381595], "ses_noise": [1], "psr_param": [0.7560118384517596], "recover_param": [0.08207037860459535], "prestige_beta": [0.009904810253904515], "prestige_param": [0.8515721106871704], "stressor_param": [0.1454585923138456], "interactions": [1], "coping_noise": [0.08393144291637479], "repeats": [10], "population_size": [502], "chronic_threshold": [0.0001], "stress_max": [10000], "time": [500], "job_nr": [475], "vul_param": [0]}}