{"data_file": "clean", "save_folder": "pre-test\\", "status_type": "linear", "distance_measure": "euclidean", "scenario": "normal", "dutch_w": 0.664, "turkish_w": 0.075, "moroccan_w": 0.13, "ghanaian_w": 0.021, "suriname_w": 0.11, "parameters": {"similarity_min": [0.22454973993222288], "ses_noise": [2], "psr_param": [0.41626103680514825], "recover_param": [0.08681337371333794], "prestige_beta": [0.023980900845238965], "prestige_param": [0.9302034022342763], "stressor_param": [0.2986538648596643], "interactions": [1], "coping_noise": [0.07161313360926286], "repeats": [10], "population_size": [502], "chronic_threshold": [0.0001], "stress_max": [10000], "time": [500], "job_nr": [404], "vul_param": [0]}}