{"data_file": "clean", "save_folder": "pre-test\\", "status_type": "linear", "distance_measure": "euclidean", "scenario": "normal", "dutch_w": 0.664, "turkish_w": 0.075, "moroccan_w": 0.13, "ghanaian_w": 0.021, "suriname_w": 0.11, "parameters": {"similarity_min": [0.5977662625487622], "ses_noise": [3], "psr_param": [0.37709784412905034], "recover_param": [0.03527759154687221], "prestige_beta": [0.02901950069732425], "prestige_param": [0.4503473948278569], "stressor_param": [0.7020084971406676], "interactions": [2], "coping_noise": [0.028572366023103486], "repeats": [10], "population_size": [502], "chronic_threshold": [0.0001], "stress_max": [10000], "time": [500], "job_nr": [11], "vul_param": [0]}}