{"data_file": "clean", "save_folder": "pre-test\\", "status_type": "linear", "distance_measure": "euclidean", "scenario": "normal", "dutch_w": 0.664, "turkish_w": 0.075, "moroccan_w": 0.13, "ghanaian_w": 0.021, "suriname_w": 0.11, "parameters": {"similarity_min": [0.6827444356286368], "ses_noise": [3], "psr_param": [0.2930147669396374], "recover_param": [0.06804449422995168], "prestige_beta": [0.014497001722287312], "prestige_param": [0.9680771115877038], "stressor_param": [0.1268832849799583], "interactions": [2], "coping_noise": [0.06222869867010974], "repeats": [10], "population_size": [502], "chronic_threshold": [0.0001], "stress_max": [10000], "time": [500], "job_nr": [413], "vul_param": [0]}}