{"data_file": "clean", "save_folder": "pre-test\\", "status_type": "linear", "distance_measure": "euclidean", "scenario": "normal", "dutch_w": 0.664, "turkish_w": 0.075, "moroccan_w": 0.13, "ghanaian_w": 0.021, "suriname_w": 0.11, "parameters": {"similarity_min": [0.39727419345163884], "ses_noise": [1], "psr_param": [0.154087828040758], "recover_param": [0.02401151781944164], "prestige_beta": [0.046328154427010326], "prestige_param": [0.8150691059372072], "stressor_param": [0.8185010790059947], "interactions": [2], "coping_noise": [0.02270790146647804], "repeats": [10], "population_size": [502], "chronic_threshold": [0.0001], "stress_max": [10000], "time": [500], "job_nr": [367], "vul_param": [0]}}