{"data_file": "clean", "save_folder": "pre-test\\", "status_type": "linear", "distance_measure": "euclidean", "scenario": "normal", "dutch_w": 0.664, "turkish_w": 0.075, "moroccan_w": 0.13, "ghanaian_w": 0.021, "suriname_w": 0.11, "parameters": {"similarity_min": [0.5344089270555566], "ses_noise": [1], "psr_param": [0.7350686498076675], "recover_param": [0.005476002345859891], "prestige_beta": [0.02483132671507244], "prestige_param": [0.7082206954208013], "stressor_param": [0.8293176827320711], "interactions": [1], "coping_noise": [0.011128139388208252], "repeats": [10], "population_size": [502], "chronic_threshold": [0.0001], "stress_max": [10000], "time": [500], "job_nr": [476], "vul_param": [0]}}