{"data_file": "clean", "save_folder": "pre-test\\", "status_type": "linear", "distance_measure": "euclidean", "scenario": "normal", "dutch_w": 0.664, "turkish_w": 0.075, "moroccan_w": 0.13, "ghanaian_w": 0.021, "suriname_w": 0.11, "parameters": {"similarity_min": [0.6568893619491004], "ses_noise": [2], "psr_param": [0.6767306336773414], "recover_param": [0.09244187253016034], "prestige_beta": [0.03949582642524251], "prestige_param": [0.5489574471824367], "stressor_param": [0.35895582493910694], "interactions": [2], "coping_noise": [0.06681819346180733], "repeats": [10], "population_size": [502], "chronic_threshold": [0.0001], "stress_max": [10000], "time": [500], "job_nr": [298], "vul_param": [0]}}