{"data_file": "clean", "save_folder": "pre-test\\", "status_type": "linear", "distance_measure": "euclidean", "scenario": "normal", "dutch_w": 0.664, "turkish_w": 0.075, "moroccan_w": 0.13, "ghanaian_w": 0.021, "suriname_w": 0.11, "parameters": {"similarity_min": [0.8580493532422281], "ses_noise": [2], "psr_param": [0.38274269107211956], "recover_param": [0.031032360555284265], "prestige_beta": [0.02788599956545227], "prestige_param": [0.7042862335025797], "stressor_param": [0.44667844828515624], "interactions": [1], "coping_noise": [0.0321212687888279], "repeats": [10], "population_size": [502], "chronic_threshold": [0.0001], "stress_max": [10000], "time": [500], "job_nr": [21], "vul_param": [0]}}