{"data_file": "clean", "save_folder": "pre-test\\", "status_type": "linear", "distance_measure": "euclidean", "scenario": "normal", "dutch_w": 0.664, "turkish_w": 0.075, "moroccan_w": 0.13, "ghanaian_w": 0.021, "suriname_w": 0.11, "parameters": {"similarity_min": [0.6849428561125619], "ses_noise": [2], "psr_param": [0.28642085615249735], "recover_param": [0.09834644504007622], "prestige_beta": [0.01940783312002239], "prestige_param": [0.15089925481512242], "stressor_param": [0.35303991590389017], "interactions": [1], "coping_noise": [0.028943923843607652], "repeats": [10], "population_size": [502], "chronic_threshold": [0.0001], "stress_max": [10000], "time": [500], "job_nr": [115], "vul_param": [0]}}