{"data_file": "clean", "save_folder": "pre-test\\", "status_type": "linear", "distance_measure": "euclidean", "scenario": "normal", "dutch_w": 0.664, "turkish_w": 0.075, "moroccan_w": 0.13, "ghanaian_w": 0.021, "suriname_w": 0.11, "parameters": {"similarity_min": [0.7377643780417058], "ses_noise": [1], "psr_param": [0.9430860570003079], "recover_param": [0.004952174096074315], "prestige_beta": [0.010208526637358283], "prestige_param": [0.9153183884295347], "stressor_param": [0.6946432327814266], "interactions": [2], "coping_noise": [0.05326887400386954], "repeats": [10], "population_size": [502], "chronic_threshold": [0.0001], "stress_max": [10000], "time": [500], "job_nr": [163], "vul_param": [0]}}