{"data_file": "clean", "save_folder": "pre-test\\", "status_type": "linear", "distance_measure": "euclidean", "scenario": "normal", "dutch_w": 0.664, "turkish_w": 0.075, "moroccan_w": 0.13, "ghanaian_w": 0.021, "suriname_w": 0.11, "parameters": {"similarity_min": [0.5733988623665466], "ses_noise": [1], "psr_param": [0.6276336770905121], "recover_param": [0.04386780607055952], "prestige_beta": [0.039604445537147114], "prestige_param": [0.5815346752223483], "stressor_param": [0.5633508695146173], "interactions": [1], "coping_noise": [0.09587809940580468], "repeats": [10], "population_size": [502], "chronic_threshold": [0.0001], "stress_max": [10000], "time": [500], "job_nr": [435], "vul_param": [0]}}